,controller config,fot safety,fot comfort,fot mean comfort,GAIL_nondet_ppo best_loss safety,GAIL_nondet_ppo best_loss comfort,GAIL_nondet_ppo best_loss mean comfort,GAIL_nondet_ppo best_loss euclidean,GAIL_nondet_ppo best_loss dtw,GAIL_nondet_ppo best_eucl safety,GAIL_nondet_ppo best_eucl comfort,GAIL_nondet_ppo best_eucl mean comfort,GAIL_nondet_ppo best_eucl euclidean,GAIL_nondet_ppo best_eucl dtw,GAIL_nondet_ppo best_dtw safety,GAIL_nondet_ppo best_dtw comfort,GAIL_nondet_ppo best_dtw mean comfort,GAIL_nondet_ppo best_dtw euclidean,GAIL_nondet_ppo best_dtw dtw
0,0.6000000238418579,0.1953091025352478,0.02132183313369751,0.004530045203864574,-0.033174753189086914,1.1076465845108032,0.28530123829841614,1.8368041515350342,-29.69469451904297,0.13121908903121948,0.15073233842849731,0.03598460555076599,1.3870316743850708,-31.90559196472168,0.13176637887954712,0.182814359664917,0.03792882338166237,1.4114856719970703,-31.82020378112793
1,0.6000000238418579,0.19872063398361206,0.030703604221343994,0.004166525788605213,-0.10295760631561279,1.047903299331665,0.3312596082687378,1.6066511869430542,-30.65452003479004,0.13495898246765137,0.14111816883087158,0.0353940986096859,1.4149751663208008,-31.82269287109375,0.1344165802001953,0.1561228632926941,0.036496154963970184,1.4294273853302002,-31.761211395263672
2,0.6000000238418579,0.19872063398361206,0.03411519527435303,0.004763071425259113,-0.006864070892333984,1.013136863708496,0.28968071937561035,1.55978262424469,-30.93535041809082,0.13213926553726196,0.1400321125984192,0.041712116450071335,1.4101550579071045,-31.797809600830078,0.12483561038970947,0.11628204584121704,0.030508488416671753,1.3901231288909912,-31.866281509399414
3,0.6000000238418579,0.19701486825942993,0.051172614097595215,0.004054664634168148,-0.04490303993225098,1.164494514465332,0.2674369215965271,1.6153584718704224,-30.645750045776367,0.12899017333984375,0.18368184566497803,0.03855375200510025,1.417901635169983,-31.820594787597656,0.1331910490989685,0.11284369230270386,0.03106287121772766,1.4178544282913208,-31.837120056152344
4,0.6000000238418579,0.1944562792778015,0.03240936994552612,0.004707144573330879,-0.06743192672729492,1.5633093118667603,0.27449485659599304,1.7850443124771118,-29.908111572265625,0.13076251745224,0.12360620498657227,0.033093180507421494,1.4221056699752808,-31.74310874938965,0.13259410858154297,0.12639600038528442,0.0342504158616066,1.4035818576812744,-31.811819076538086
5,0.6000000238418579,0.1944562792778015,0.02046912908554077,0.0035000655334442854,-0.049208998680114746,1.700805425643921,0.2723911702632904,1.9393898248672485,-29.405630111694336,0.13325637578964233,0.118205726146698,0.03851489722728729,1.424133539199829,-31.785676956176758,0.13099688291549683,0.14857065677642822,0.03286758065223694,1.3908226490020752,-31.874479293823242
6,0.6000000238418579,0.2004263997077942,0.032409489154815674,0.004297015722841024,-0.014773845672607422,0.9519692659378052,0.277344673871994,1.7488903999328613,-30.14723777770996,0.12618106603622437,0.13811367750167847,0.03551524877548218,1.411105751991272,-31.818763732910156,0.13471651077270508,0.28347504138946533,0.039957378059625626,1.4062703847885132,-31.835020065307617
7,0.6000000238418579,0.19872063398361206,0.046055495738983154,0.004287689458578825,-0.07103621959686279,0.8465829491615295,0.2572315037250519,1.717206597328186,-30.299909591674805,0.1239580512046814,0.14602738618850708,0.04102146998047829,1.3710907697677612,-31.947772979736328,0.13850456476211548,0.2108892798423767,0.039355773478746414,1.373003602027893,-31.949491500854492
8,0.6000000238418579,0.1944562792778015,0.02729213237762451,0.0039614601992070675,-0.02250957489013672,0.935721218585968,0.28531336784362793,1.5035574436187744,-31.00350570678711,0.13193953037261963,0.16393446922302246,0.04025157541036606,1.4206690788269043,-31.792190551757812,0.13103359937667847,0.23164880275726318,0.04346536844968796,1.4313075542449951,-31.776187896728516
9,0.6000000238418579,0.1944562792778015,0.023880600929260254,0.00418516481295228,-0.019260287284851074,1.1716835498809814,0.2890890836715698,1.7608007192611694,-30.26536750793457,0.12815195322036743,0.2078583836555481,0.03917856514453888,1.423733115196228,-31.799718856811523,0.13623380661010742,0.14363497495651245,0.04013827070593834,1.3778038024902344,-31.951519012451172
10,0.8999999761581421,0.12622594833374023,0.08102351427078247,0.00556934392079711,-0.02637505531311035,0.995384693145752,0.3328026831150055,1.7016379833221436,-30.34598159790039,0.12511688470840454,0.15809279680252075,0.04339659959077835,1.076166033744812,-33.07307434082031,0.1338617205619812,0.24055665731430054,0.036431003361940384,1.0964099168777466,-33.057010650634766
11,0.8999999761581421,0.13049036264419556,0.030703604221343994,0.0035233711823821068,-0.021765947341918945,1.1832897663116455,0.28452247381210327,1.5617783069610596,-30.619766235351562,0.13654297590255737,0.22734856605529785,0.04086391627788544,1.0606484413146973,-33.04723358154297,0.14550632238388062,0.16941040754318237,0.03956044092774391,0.9922669529914856,-33.16735076904297
12,0.8999999761581421,0.1270788311958313,0.05629003047943115,0.004753752611577511,-0.0806741714477539,1.1634715795516968,0.2907746136188507,1.5714466571807861,-30.79363441467285,0.13669472932815552,0.1104893684387207,0.037250831723213196,0.9843013882637024,-33.17405319213867,0.13541531562805176,0.1224934458732605,0.03869307413697243,0.992160975933075,-33.183013916015625
13,0.8999999761581421,0.13049036264419556,0.0486140251159668,0.005024060141295195,-0.0347135066986084,1.0920302867889404,0.3097068965435028,1.6120973825454712,-30.59791374206543,0.1255972981452942,0.23800766468048096,0.04891565442085266,1.0700124502182007,-33.00578308105469,0.1367630958557129,0.19113385677337646,0.03769157826900482,1.0641958713531494,-33.036048889160156
14,0.8999999761581421,0.13049036264419556,0.07334762811660767,0.005452827084809542,-0.036986589431762695,0.9954222440719604,0.3030032217502594,1.4414469003677368,-31.106935501098633,0.13245117664337158,0.15294593572616577,0.04089974984526634,0.9953197836875916,-33.11936569213867,0.13259583711624146,0.15161126852035522,0.04155660793185234,1.0428029298782349,-33.07406997680664
15,0.8999999761581421,0.1270788311958313,0.05629009008407593,0.006627289112657309,-0.06746113300323486,1.0718038082122803,0.3273191750049591,1.723142147064209,-30.32988929748535,0.13962924480438232,0.31497955322265625,0.043169017881155014,1.0538575649261475,-33.08393096923828,0.13070785999298096,0.1644606590270996,0.03688676282763481,1.013915777206421,-33.139122009277344
16,0.8999999761581421,0.1270788311958313,0.06993603706359863,0.007205192465335131,-0.06369948387145996,1.0869425535202026,0.3084286153316498,1.4994784593582153,-31.05242919921875,0.13485896587371826,0.17574334144592285,0.03999592363834381,1.0352798700332642,-33.04533004760742,0.13699543476104736,0.44353508949279785,0.045417461544275284,1.036686897277832,-33.014381408691406
17,0.8999999761581421,0.13049036264419556,0.059701383113861084,0.004888908937573433,-0.0947871208190918,1.1166229248046875,0.2833383083343506,1.6890709400177002,-30.507474899291992,0.13553524017333984,0.2006617784500122,0.04413406550884247,1.0557143688201904,-32.98938751220703,0.1321578025817871,0.11676603555679321,0.0372527651488781,1.0522820949554443,-33.04060363769531
18,0.8999999761581421,0.13049036264419556,0.09125804901123047,0.005546038970351219,-0.06141972541809082,0.857384204864502,0.3078025281429291,1.4176474809646606,-31.44029426574707,0.14207786321640015,0.21978437900543213,0.03977866843342781,1.0389530658721924,-33.102603912353516,0.13927286863327026,0.1591256856918335,0.03912518545985222,1.0855154991149902,-32.96369552612305
19,0.8999999761581421,0.1270788311958313,0.03923243284225464,0.004819002002477646,-0.05653810501098633,1.1665675640106201,0.29440125823020935,1.4031647443771362,-31.249216079711914,0.13780808448791504,0.11749273538589478,0.03762740641832352,0.9481140375137329,-33.21603775024414,0.1414339542388916,0.1145315170288086,0.04397573322057724,0.9700077176094055,-33.11936950683594
20,1.2000000476837158,0.0886993408203125,0.07675909996032715,0.006948856636881828,-0.024344682693481445,0.9574097990989685,0.2748587131500244,1.9674345254898071,-28.5698299407959,0.13508224487304688,0.26240402460098267,0.044579558074474335,1.209088683128357,-32.31934356689453,0.13326752185821533,0.18300265073776245,0.044653311371803284,1.2338206768035889,-32.26583480834961
21,1.2000000476837158,0.08784645795822144,0.1211087703704834,0.0069675142876803875,-0.047086358070373535,1.2965810298919678,0.2804272174835205,1.6471819877624512,-30.230098724365234,0.1380901336669922,0.15515488386154175,0.04408102110028267,1.2748886346817017,-32.20077133178711,0.13994741439819336,0.15406179428100586,0.0416831374168396,1.2651479244232178,-32.205074310302734
22,1.2000000476837158,0.0886993408203125,0.06140732765197754,0.00658069085329771,-0.02588021755218506,1.0491150617599487,0.33133557438850403,1.7597277164459229,-29.930950164794922,0.13379478454589844,0.127574622631073,0.04156297445297241,1.2201931476593018,-32.24625015258789,0.13278162479400635,0.18673819303512573,0.04476744681596756,1.2051938772201538,-32.3337287902832
23,1.2000000476837158,0.08784645795822144,0.14413654804229736,0.00771320378407836,-0.0637369155883789,1.2428348064422607,0.30885836482048035,1.7022203207015991,-30.13358497619629,0.13617610931396484,0.34128355979919434,0.04762584716081619,1.2152780294418335,-32.32797622680664,0.14249014854431152,0.1306532621383667,0.0424564890563488,1.2683416604995728,-32.2060661315918
24,1.2000000476837158,0.0886993408203125,0.1108742356300354,0.006725161336362362,-0.006101250648498535,1.116225242614746,0.2781711220741272,1.9658068418502808,-28.951438903808594,0.1364118456840515,0.28390371799468994,0.049680374562740326,1.2800432443618774,-32.14568328857422,0.13898223638534546,0.22995281219482422,0.04301973059773445,1.1985900402069092,-32.34474563598633
25,1.2000000476837158,0.08784645795822144,0.08699369430541992,0.006916242651641369,-0.06745553016662598,1.2938787937164307,0.35070765018463135,1.7236803770065308,-30.034622192382812,0.14165544509887695,0.22625237703323364,0.0446443185210228,1.2837790250778198,-32.169288635253906,0.14547359943389893,0.253908634185791,0.04720483347773552,1.3151804208755493,-32.17934036254883
26,1.2000000476837158,0.08784645795822144,0.08187627792358398,0.007997489534318447,-0.06915020942687988,0.9360330104827881,0.3152984082698822,1.5769867897033691,-30.599205017089844,0.12111669778823853,0.1374230980873108,0.04337185248732567,1.1537580490112305,-32.36471176147461,0.13951557874679565,0.13993072509765625,0.03984198719263077,1.2102130651474,-32.266544342041016
27,1.2000000476837158,0.08784645795822144,0.08528786897659302,0.007801752537488937,-0.023294448852539062,0.9400533437728882,0.28252318501472473,1.7041258811950684,-29.707788467407227,0.14196187257766724,0.20086747407913208,0.04932227358222008,1.2486933469772339,-32.145259857177734,0.13807600736618042,0.1316155195236206,0.04150614142417908,1.2284626960754395,-32.16215896606445
28,1.2000000476837158,0.08784645795822144,0.12622594833374023,0.007685227319598198,-0.07247841358184814,1.2439274787902832,0.3934975564479828,1.8596436977386475,-28.943740844726562,0.14280927181243896,0.2839973568916321,0.04967223107814789,1.0933336019515991,-32.45610809326172,0.13037562370300293,0.18198388814926147,0.045631010085344315,1.1143031120300293,-32.40074157714844
29,1.2000000476837158,0.08784645795822144,0.07334756851196289,0.00615657726302743,-0.05197548866271973,1.2080730199813843,0.2845655679702759,1.9001438617706299,-29.679433822631836,0.13741564750671387,0.2220160961151123,0.03816564008593559,1.1363892555236816,-32.39905548095703,0.14434438943862915,0.12685024738311768,0.04163545370101929,1.1997591257095337,-32.261478424072266
30,1.5,0.07505327463150024,0.06737750768661499,0.006217155605554581,-0.013438224792480469,1.4342032670974731,0.2970670163631439,2.012416124343872,-28.00893783569336,0.14437508583068848,0.21765565872192383,0.04831462353467941,1.3908809423446655,-31.14636993408203,0.1426783800125122,0.3421729803085327,0.048186734318733215,1.4415075778961182,-31.092803955078125
31,1.5,0.07590615749359131,0.07761186361312866,0.005340971518307924,-0.00904238224029541,0.8929818272590637,0.24286100268363953,1.6906934976577759,-29.892135620117188,0.15150046348571777,0.29407191276550293,0.05155590921640396,1.4068796634674072,-31.112974166870117,0.14958089590072632,0.19757288694381714,0.0489330068230629,1.391186237335205,-31.21188735961914
32,1.5,0.07420039176940918,0.0648188591003418,0.0056765261106193066,0.00609433650970459,1.26393723487854,0.3101740777492523,1.8278414011001587,-29.182510375976562,0.14781713485717773,0.32273197174072266,0.04512903094291687,1.4230635166168213,-31.044614791870117,0.14351093769073486,0.1310754418373108,0.04529513046145439,1.3549649715423584,-31.30109977722168
33,1.5,0.06823021173477173,0.10405111312866211,0.00787164457142353,-0.0851067304611206,1.6454951763153076,0.3169722855091095,1.8216781616210938,-29.09701156616211,0.13731271028518677,0.2341431975364685,0.05040573701262474,1.3975141048431396,-31.24131965637207,0.13766711950302124,0.1960931420326233,0.04654974862933159,1.4331963062286377,-31.15755271911621
34,1.5,0.07505327463150024,0.05628997087478638,0.0052011506631970406,-0.07176995277404785,0.9099360108375549,0.3022637665271759,1.6853033304214478,-29.79912567138672,0.14850610494613647,0.1330733299255371,0.044200655072927475,1.3737105131149292,-31.17383575439453,0.15264689922332764,0.1630713939666748,0.04262680187821388,1.3847384452819824,-31.15458869934082
35,1.5,0.07590615749359131,0.0886993408203125,0.00805807113647461,-0.07607173919677734,1.2323024272918701,0.32043519616127014,1.8190706968307495,-29.101058959960938,0.14266961812973022,0.16797739267349243,0.04605308175086975,1.3862708806991577,-31.293848037719727,0.14144688844680786,0.17252576351165771,0.04979595169425011,1.4822221994400024,-31.06937599182129
36,1.5,0.07505327463150024,0.08443492650985718,0.0066832066513597965,-0.037537455558776855,1.5190644264221191,0.34341132640838623,2.0508129596710205,-27.97595977783203,0.14812052249908447,0.1615159511566162,0.051745735108852386,1.4053893089294434,-31.27365493774414,0.14980709552764893,0.17747044563293457,0.04809681698679924,1.4728647470474243,-31.00613021850586
37,1.5,0.07505327463150024,0.11428570747375488,0.005471461918205023,-0.020513057708740234,1.0060808658599854,0.3002347946166992,2.0772886276245117,-27.560956954956055,0.1514860987663269,0.23497557640075684,0.05083984509110451,1.4011690616607666,-31.169445037841797,0.1444675326347351,0.370394229888916,0.052507784217596054,1.3976638317108154,-31.20747947692871
38,1.5,0.07505327463150024,0.06993609666824341,0.0065620229579508305,-0.09166896343231201,1.4766035079956055,0.30142295360565186,1.9677696228027344,-28.051454544067383,0.13966494798660278,0.39468544721603394,0.04934161901473999,1.423717737197876,-31.182456970214844,0.13625335693359375,0.37202244997024536,0.05000120401382446,1.3659286499023438,-31.293411254882812
39,1.5,0.07505327463150024,0.04434967041015625,0.006235793698579073,-0.10225474834442139,1.0792245864868164,0.33325690031051636,1.9337365627288818,-29.01911735534668,0.14712214469909668,0.2861679792404175,0.04639838635921478,1.442042589187622,-31.156469345092773,0.1480892300605774,0.24610894918441772,0.0481477826833725,1.423383116722107,-31.14659881591797
40,1.7999999523162842,0.03155648708343506,0.07164180278778076,0.009857043623924255,-0.00594329833984375,1.4400479793548584,0.3061576187610626,2.0548624992370605,-27.72859764099121,0.15359747409820557,0.4847943186759949,0.058453287929296494,1.5724815130233765,-30.118026733398438,0.1503978967666626,0.43364691734313965,0.058828551322221756,1.615565299987793,-29.924768447875977
41,1.7999999523162842,0.023027658462524414,0.6021322011947632,0.02006361447274685,-0.026600956916809082,1.1307141780853271,0.32184144854545593,2.258816719055176,-26.841615676879883,0.15143495798110962,0.21020430326461792,0.048873160034418106,1.5585628747940063,-29.96421241760254,0.1536276936531067,0.3542260527610779,0.05701466649770737,1.5907926559448242,-29.804208755493164
42,1.7999999523162842,0.03496795892715454,0.0801706314086914,0.010905657894909382,-0.11607980728149414,1.049316644668579,0.33094221353530884,2.15083646774292,-27.07470703125,0.1524142622947693,0.23388183116912842,0.05752888321876526,1.5885876417160034,-30.031614303588867,0.15511369705200195,0.34289783239364624,0.05889870598912239,1.6271628141403198,-29.849193572998047
43,1.7999999523162842,0.0486140251159668,0.09722816944122314,0.011628036387264729,-0.043623924255371094,2.5932884216308594,0.30917033553123474,2.2195475101470947,-27.223033905029297,0.13465231657028198,0.4639720320701599,0.05977099761366844,1.5301371812820435,-30.305164337158203,0.15143591165542603,0.5039234757423401,0.05215277150273323,1.582923173904419,-30.198820114135742
44,1.7999999523162842,0.01705753803253174,0.1296374797821045,0.012042826972901821,-0.0267941951751709,1.519057273864746,0.3516455888748169,2.2166950702667236,-26.44194793701172,0.15907269716262817,0.19414818286895752,0.04744868353009224,1.6528135538101196,-29.72077178955078,0.1491764783859253,0.25550955533981323,0.05707702413201332,1.5707614421844482,-30.09541130065918
45,1.7999999523162842,0.024733424186706543,0.09637540578842163,0.009661293588578701,-0.05502164363861084,1.1440755128860474,0.31737020611763,2.2271621227264404,-26.620607376098633,0.14872145652770996,0.16757524013519287,0.05249796062707901,1.5462740659713745,-30.23087501525879,0.15212655067443848,0.3144223093986511,0.04997289925813675,1.6028361320495605,-29.932092666625977
46,1.7999999523162842,0.01705753803253174,0.12622594833374023,0.011297141201794147,-0.049161672592163086,1.4034168720245361,0.3256543278694153,2.1645238399505615,-27.159137725830078,0.15201860666275024,0.2751320004463196,0.05899864435195923,1.6740845441818237,-29.766538619995117,0.15107792615890503,0.2277163863182068,0.05742048844695091,1.649902105331421,-29.96839714050293
47,1.7999999523162842,0.02388054132461548,0.11940300464630127,0.010150652378797531,-0.034758806228637695,1.4426765441894531,0.31609097123146057,2.270833730697632,-26.544281005859375,0.15098929405212402,0.2876138687133789,0.05727303400635719,1.5465806722640991,-30.259292602539062,0.14441651105880737,0.3474557399749756,0.05775199458003044,1.5689973831176758,-30.0814151763916
48,1.7999999523162842,0.01705753803253174,0.12622594833374023,0.012378382496535778,-0.03606998920440674,1.1183719635009766,0.31092745065689087,2.03706431388855,-28.108882904052734,0.15776437520980835,0.5061066150665283,0.06109469383955002,1.6873034238815308,-29.75404930114746,0.14875203371047974,0.20437753200531006,0.04820267856121063,1.6221636533737183,-29.900829315185547
49,1.7999999523162842,0.02132195234298706,0.1722813844680786,0.013119414448738098,-0.20979547500610352,1.3189245462417603,0.3443763554096222,2.071152687072754,-27.794710159301758,0.1453450322151184,0.26873576641082764,0.058764178305864334,1.5597407817840576,-30.135358810424805,0.14833784103393555,0.2387404441833496,0.060119349509477615,1.6368682384490967,-29.927135467529297
50,0.6000000238418579,0.1953091025352478,0.02132183313369751,0.004530045203864574,-0.06759989261627197,0.9097843766212463,0.26204314827919006,1.6793668270111084,-30.448190689086914,0.10807842016220093,0.13870859146118164,0.040487173944711685,1.3908343315124512,-31.914148330688477,0.12019813060760498,0.11688500642776489,0.03587793931365013,1.4128974676132202,-31.833723068237305
51,0.6000000238418579,0.19872063398361206,0.030703604221343994,0.004166525788605213,-0.043071866035461426,1.0047731399536133,0.2684466242790222,1.7877066135406494,-30.071470260620117,0.1318342089653015,0.13525444269180298,0.035984817892313004,1.3806675672531128,-31.93117904663086,0.1360202431678772,0.2961236834526062,0.03928745165467262,1.4224040508270264,-31.793601989746094
52,0.6000000238418579,0.19872063398361206,0.03411519527435303,0.004763071425259113,-0.09311234951019287,1.0078734159469604,0.3123526871204376,1.7909921407699585,-30.096031188964844,0.13852447271347046,0.1814711093902588,0.042880162596702576,1.414776086807251,-31.811647415161133,0.13198739290237427,0.17530977725982666,0.0372387133538723,1.4072881937026978,-31.81580352783203
53,0.6000000238418579,0.19701486825942993,0.051172614097595215,0.004054664634168148,-0.012530326843261719,1.0075607299804688,0.2621649205684662,1.5954828262329102,-30.758846282958984,0.13408946990966797,0.11677682399749756,0.038451846688985825,1.4137383699417114,-31.847652435302734,0.1315518617630005,0.12841051816940308,0.04196307063102722,1.4394872188568115,-31.763900756835938
54,0.6000000238418579,0.1944562792778015,0.03240936994552612,0.004707144573330879,-0.13741958141326904,1.4192607402801514,0.33269020915031433,1.8101191520690918,-29.801637649536133,0.12881875038146973,0.1728588342666626,0.03590947389602661,1.4480268955230713,-31.65528678894043,0.13414132595062256,0.1355939507484436,0.03335873782634735,1.430423617362976,-31.70753288269043
55,0.6000000238418579,0.1944562792778015,0.02046912908554077,0.0035000655334442854,-0.08425414562225342,0.9412947297096252,0.29843002557754517,1.7278895378112793,-30.26607894897461,0.13394027948379517,0.16734099388122559,0.0368274450302124,1.456147313117981,-31.658512115478516,0.13351523876190186,0.1687583327293396,0.03466756269335747,1.413008689880371,-31.83867073059082
56,0.6000000238418579,0.2004263997077942,0.032409489154815674,0.004297015722841024,-0.045131564140319824,0.9974321126937866,0.27145788073539734,1.7647241353988647,-30.179107666015625,0.13123077154159546,0.13586783409118652,0.04173625633120537,1.4187142848968506,-31.804729461669922,0.12390190362930298,0.18731069564819336,0.04285409674048424,1.4324668645858765,-31.751014709472656
57,0.6000000238418579,0.19872063398361206,0.046055495738983154,0.004287689458578825,-0.05978751182556152,1.2043306827545166,0.27697136998176575,1.7419146299362183,-30.216569900512695,0.13081854581832886,0.13217377662658691,0.03740629926323891,1.384229302406311,-31.91880226135254,0.13074707984924316,0.26181870698928833,0.03865019977092743,1.3987805843353271,-31.856386184692383
58,0.6000000238418579,0.1944562792778015,0.02729213237762451,0.0039614601992070675,-0.009890317916870117,1.190187692642212,0.2874293327331543,1.6259942054748535,-30.584917068481445,0.13206195831298828,0.12668341398239136,0.03593498095870018,1.4527982473373413,-31.67635726928711,0.13555395603179932,0.11751800775527954,0.03788668289780617,1.4089832305908203,-31.846776962280273
59,0.6000000238418579,0.1944562792778015,0.023880600929260254,0.00418516481295228,-0.07852804660797119,1.0064109563827515,0.2402663677930832,1.810563087463379,-30.0589542388916,0.1296204924583435,0.1696813702583313,0.03245578333735466,1.43317711353302,-31.787588119506836,0.1342061161994934,0.1889151930809021,0.03843822330236435,1.3597944974899292,-31.993234634399414
60,0.8999999761581421,0.12622594833374023,0.08102351427078247,0.00556934392079711,-0.05863797664642334,1.0460774898529053,0.30889782309532166,1.5893652439117432,-30.934141159057617,0.1392630934715271,0.1468002200126648,0.04026506096124649,1.0617060661315918,-33.0756950378418,0.1331641674041748,0.19077235460281372,0.04462480545043945,1.1194145679473877,-32.97620391845703
61,0.8999999761581421,0.13049036264419556,0.030703604221343994,0.0035233711823821068,-0.018249869346618652,1.1821844577789307,0.33262696862220764,1.560360074043274,-30.964698791503906,0.13367336988449097,0.14507097005844116,0.038395605981349945,1.0761528015136719,-33.05308532714844,0.1352350115776062,0.36153632402420044,0.044308312237262726,1.075265884399414,-33.01752471923828
62,0.8999999761581421,0.1270788311958313,0.05629003047943115,0.004753752611577511,-0.011772871017456055,1.1523723602294922,0.29972681403160095,1.427086591720581,-31.2130184173584,0.13943034410476685,0.13970822095870972,0.03574826940894127,1.029926061630249,-33.10259246826172,0.13407719135284424,0.14216601848602295,0.03967808187007904,1.0202298164367676,-33.106021881103516
63,0.8999999761581421,0.13049036264419556,0.0486140251159668,0.005024060141295195,-0.01017463207244873,0.9777995944023132,0.27595895528793335,1.5522643327713013,-30.85024642944336,0.12978410720825195,0.1583566665649414,0.04599298536777496,1.0575568675994873,-33.04720687866211,0.1330881118774414,0.13950812816619873,0.038489241153001785,1.0290580987930298,-33.12512969970703
64,0.8999999761581421,0.13049036264419556,0.07334762811660767,0.005452827084809542,-0.03014528751373291,1.038564920425415,0.33379635214805603,1.359402060508728,-31.418516159057617,0.129946768283844,0.15498578548431396,0.034188177436590195,1.0223416090011597,-33.04924011230469,0.13422489166259766,0.26575154066085815,0.03871598094701767,0.9913920760154724,-33.127464294433594
65,0.8999999761581421,0.1270788311958313,0.05629009008407593,0.006627289112657309,-0.11087453365325928,0.9107376337051392,0.32584866881370544,1.5533266067504883,-31.137338638305664,0.13540148735046387,0.17908358573913574,0.04325861856341362,1.0292035341262817,-33.11431121826172,0.13459289073944092,0.20417314767837524,0.04200741648674011,1.0432846546173096,-33.082881927490234
66,0.8999999761581421,0.1270788311958313,0.06993603706359863,0.007205192465335131,-0.011106610298156738,0.8854930996894836,0.2971653640270233,1.358764410018921,-31.56306266784668,0.1384313702583313,0.18004900217056274,0.038878440856933594,1.0323948860168457,-33.05879211425781,0.14455479383468628,0.1613173484802246,0.03846675530076027,1.0023448467254639,-33.05571746826172
67,0.8999999761581421,0.13049036264419556,0.059701383113861084,0.004888908937573433,-0.031744956970214844,0.8564645051956177,0.2789459526538849,1.597428560256958,-31.090085983276367,0.1396695375442505,0.12794113159179688,0.03940465673804283,1.0293525457382202,-33.03843688964844,0.13369154930114746,0.1418197751045227,0.04371097683906555,1.0907104015350342,-32.94121170043945
68,0.8999999761581421,0.13049036264419556,0.09125804901123047,0.005546038970351219,-0.06436562538146973,1.4861860275268555,0.2876967191696167,1.5068292617797852,-31.102296829223633,0.13673704862594604,0.2888214588165283,0.04272697865962982,0.9885848164558411,-33.16827392578125,0.13373535871505737,0.1570160984992981,0.03441036120057106,1.068515658378601,-33.022891998291016
69,0.8999999761581421,0.1270788311958313,0.03923243284225464,0.004819002002477646,-0.032990217208862305,0.957952082157135,0.2789975702762604,1.6457058191299438,-30.426815032958984,0.1381949782371521,0.17660272121429443,0.035265129059553146,0.9893290996551514,-33.09299850463867,0.12975245714187622,0.12264883518218994,0.03893328830599785,0.9117339849472046,-33.23408126831055
70,1.2000000476837158,0.0886993408203125,0.07675909996032715,0.006948856636881828,-0.06074953079223633,1.243829607963562,0.3291266858577728,1.8936976194381714,-29.275066375732422,0.133853018283844,0.18354374170303345,0.043566565960645676,1.2346805334091187,-32.269439697265625,0.14403170347213745,0.25587064027786255,0.041209541261196136,1.2680085897445679,-32.173030853271484
71,1.2000000476837158,0.08784645795822144,0.1211087703704834,0.0069675142876803875,-0.027036428451538086,0.880260705947876,0.29680144786834717,1.773538589477539,-29.85533332824707,0.1446763277053833,0.30298054218292236,0.040953051298856735,1.2958593368530273,-32.13291931152344,0.13510531187057495,0.17206335067749023,0.04858963191509247,1.274588942527771,-32.21038818359375
72,1.2000000476837158,0.0886993408203125,0.06140732765197754,0.00658069085329771,-0.0447155237197876,1.0419772863388062,0.2878102660179138,1.6839563846588135,-30.018360137939453,0.13879626989364624,0.3037171959877014,0.040929391980171204,1.2379869222640991,-32.189449310302734,0.1438206434249878,0.1421474814414978,0.04064114764332771,1.1886855363845825,-32.31766128540039
73,1.2000000476837158,0.08784645795822144,0.14413654804229736,0.00771320378407836,-0.048206329345703125,1.2129130363464355,0.2940569221973419,1.9942532777786255,-28.83351707458496,0.1374877691268921,0.21535247564315796,0.04372398555278778,1.2761772871017456,-32.187599182128906,0.14161843061447144,0.24422234296798706,0.04115510359406471,1.2553465366363525,-32.25236511230469
74,1.2000000476837158,0.0886993408203125,0.1108742356300354,0.006725161336362362,0.004947841167449951,1.2509491443634033,0.3201935887336731,1.8682513236999512,-29.37528419494629,0.14000171422958374,0.17158949375152588,0.04004795104265213,1.2239701747894287,-32.26865768432617,0.1368790864944458,0.37770944833755493,0.050427842885255814,1.2785125970840454,-32.17325973510742
75,1.2000000476837158,0.08784645795822144,0.08699369430541992,0.006916242651641369,-0.08203089237213135,1.0578052997589111,0.3014776110649109,1.6101657152175903,-30.457704544067383,0.13493162393569946,0.17803651094436646,0.04436575248837471,1.3163906335830688,-32.15422058105469,0.137468159198761,0.27262693643569946,0.04934820532798767,1.302483081817627,-32.190032958984375
76,1.2000000476837158,0.08784645795822144,0.08187627792358398,0.007997489534318447,-0.03268754482269287,1.0456656217575073,0.31782543659210205,1.7316328287124634,-29.87393569946289,0.14157170057296753,0.1982482671737671,0.0459817536175251,1.18622887134552,-32.33567810058594,0.14633017778396606,0.2452259659767151,0.044219136238098145,1.1905319690704346,-32.29328155517578
77,1.2000000476837158,0.08784645795822144,0.08528786897659302,0.007801752537488937,-0.027492880821228027,1.0347484350204468,0.29836204648017883,1.8305476903915405,-29.728498458862305,0.14506405591964722,0.1779186725616455,0.04410252720117569,1.2504968643188477,-32.111270904541016,0.14053744077682495,0.18587726354599,0.04378773644566536,1.2003529071807861,-32.23141860961914
78,1.2000000476837158,0.08784645795822144,0.12622594833374023,0.007685227319598198,-0.014809846878051758,0.9690770506858826,0.29198500514030457,1.5885896682739258,-30.27691650390625,0.1432822346687317,0.14168721437454224,0.04369671642780304,1.1442848443984985,-32.304405212402344,0.14311546087265015,0.218641996383667,0.04258478432893753,1.133009910583496,-32.381778717041016
79,1.2000000476837158,0.08784645795822144,0.07334756851196289,0.00615657726302743,-0.041899919509887695,1.7862889766693115,0.330780029296875,1.8302100896835327,-29.093935012817383,0.14313632249832153,0.21122896671295166,0.04167076200246811,1.18679940700531,-32.31306076049805,0.14471471309661865,0.2413080930709839,0.04315681383013725,1.1758463382720947,-32.300262451171875
80,1.5,0.07505327463150024,0.06737750768661499,0.006217155605554581,-0.030696988105773926,1.0541632175445557,0.31391701102256775,1.9006742238998413,-28.517032623291016,0.1485973596572876,0.17075413465499878,0.04287905618548393,1.404830813407898,-31.143156051635742,0.1425955891609192,0.32016152143478394,0.05385366454720497,1.3576661348342896,-31.43820571899414
81,1.5,0.07590615749359131,0.07761186361312866,0.005340971518307924,-0.051342010498046875,1.1575336456298828,0.32920897006988525,2.025162696838379,-28.33700942993164,0.1454235315322876,0.23252242803573608,0.042730312794446945,1.4091436862945557,-31.125755310058594,0.14920252561569214,0.2605326175689697,0.05287647992372513,1.3893522024154663,-31.24871253967285
82,1.5,0.07420039176940918,0.0648188591003418,0.0056765261106193066,-0.09092485904693604,0.9543154239654541,0.3641151487827301,1.8625861406326294,-28.86356544494629,0.1433848738670349,0.16933363676071167,0.042199019342660904,1.4064221382141113,-31.151750564575195,0.1463640332221985,0.18121337890625,0.040941741317510605,1.4508070945739746,-31.07967758178711
83,1.5,0.06823021173477173,0.10405111312866211,0.00787164457142353,-0.06873500347137451,1.3493022918701172,0.31368404626846313,1.9370062351226807,-28.42630958557129,0.1486339569091797,0.222551167011261,0.055087942630052567,1.4359441995620728,-31.139846801757812,0.1383386254310608,0.4379757046699524,0.06083350628614426,1.4046229124069214,-31.222915649414062
84,1.5,0.07505327463150024,0.05628997087478638,0.0052011506631970406,-0.07797777652740479,1.9746026992797852,0.33088505268096924,1.8999824523925781,-28.661924362182617,0.14241176843643188,0.26033836603164673,0.052482448518276215,1.3127740621566772,-31.36905288696289,0.14871931076049805,0.311037540435791,0.04964056983590126,1.3223387002944946,-31.3824405670166
85,1.5,0.07590615749359131,0.0886993408203125,0.00805807113647461,-0.01701486110687256,1.0278329849243164,0.29534912109375,1.8949967622756958,-28.87139320373535,0.1501033902168274,0.20680731534957886,0.04557570815086365,1.4424717426300049,-31.159086227416992,0.14761221408843994,0.20537889003753662,0.0451311357319355,1.4220407009124756,-31.198511123657227
86,1.5,0.07505327463150024,0.08443492650985718,0.0066832066513597965,-0.02271294593811035,1.1084175109863281,0.3041883707046509,1.8985990285873413,-28.811594009399414,0.14499127864837646,0.3007715940475464,0.04780428484082222,1.4487993717193604,-31.209007263183594,0.14318513870239258,0.16388994455337524,0.04669034481048584,1.4150726795196533,-31.21699333190918
87,1.5,0.07505327463150024,0.11428570747375488,0.005471461918205023,-0.08452248573303223,1.2629492282867432,0.3124851584434509,1.789409875869751,-29.256839752197266,0.1426771879196167,0.20045006275177002,0.04909894987940788,1.4068434238433838,-31.163854598999023,0.13897240161895752,0.3102567195892334,0.05263190716505051,1.4283392429351807,-31.122983932495117
88,1.5,0.07505327463150024,0.06993609666824341,0.0065620229579508305,-0.07230544090270996,1.4799124002456665,0.2891177237033844,1.8483021259307861,-29.02608299255371,0.14475494623184204,0.3324425220489502,0.054782770574092865,1.4540210962295532,-31.077268600463867,0.13866811990737915,0.1487635374069214,0.05231596529483795,1.3839271068572998,-31.284908294677734
89,1.5,0.07505327463150024,0.04434967041015625,0.006235793698579073,-0.039226412773132324,1.3325694799423218,0.34338560700416565,2.2228305339813232,-27.321779251098633,0.15075868368148804,0.38445597887039185,0.05381820723414421,1.4493303298950195,-31.092931747436523,0.13225775957107544,0.4311627745628357,0.06324847042560577,1.4151612520217896,-31.191133499145508
90,1.7999999523162842,0.03155648708343506,0.07164180278778076,0.009857043623924255,-0.11009466648101807,1.1417224407196045,0.3268730342388153,2.0270614624023438,-28.103235244750977,0.13543301820755005,0.2696497440338135,0.055129121989011765,1.608069896697998,-30.022159576416016,0.1462395191192627,0.2005593180656433,0.05401468276977539,1.6094601154327393,-29.993623733520508
91,1.7999999523162842,0.023027658462524414,0.6021322011947632,0.02006361447274685,-0.08887815475463867,1.5022037029266357,0.32028284668922424,1.9307317733764648,-28.125078201293945,0.14909273386001587,0.2111283540725708,0.05500023066997528,1.5685970783233643,-29.98639488220215,0.149286150932312,0.264593243598938,0.05059022083878517,1.5711519718170166,-29.883411407470703
92,1.7999999523162842,0.03496795892715454,0.0801706314086914,0.010905657894909382,-0.07322359085083008,1.393688440322876,0.3645068109035492,2.1136868000030518,-27.325071334838867,0.14312177896499634,0.16733795404434204,0.04432537406682968,1.6465376615524292,-29.792240142822266,0.14954859018325806,0.18832284212112427,0.051032550632953644,1.6256681680679321,-29.91745948791504
93,1.7999999523162842,0.0486140251159668,0.09722816944122314,0.011628036387264729,-0.05729961395263672,1.2491503953933716,0.34460413455963135,1.9269187450408936,-28.466449737548828,0.1495131254196167,0.33314961194992065,0.05735780671238899,1.550752878189087,-30.269134521484375,0.14800912141799927,0.3104296922683716,0.051124684512615204,1.575844168663025,-30.19611930847168
94,1.7999999523162842,0.01705753803253174,0.1296374797821045,0.012042826972901821,-0.0679025650024414,1.1845752000808716,0.37861308455467224,1.9819799661636353,-27.89090919494629,0.14709997177124023,0.18384027481079102,0.05240534991025925,1.5854581594467163,-30.03090476989746,0.14812415838241577,0.328680157661438,0.05123516544699669,1.5488836765289307,-30.205936431884766
95,1.7999999523162842,0.024733424186706543,0.09637540578842163,0.009661293588578701,-0.10235166549682617,1.2026934623718262,0.3387503921985626,2.2048676013946533,-26.630491256713867,0.15542656183242798,0.46722501516342163,0.05227047950029373,1.6261740922927856,-29.944185256958008,0.15253353118896484,0.17477160692214966,0.050644148141145706,1.6236824989318848,-29.9758243560791
96,1.7999999523162842,0.01705753803253174,0.12622594833374023,0.011297141201794147,-0.12749958038330078,1.424889087677002,0.3938738703727722,2.3192296028137207,-26.335403442382812,0.14159345626831055,0.18625986576080322,0.04937274008989334,1.6376322507858276,-29.926464080810547,0.148057758808136,0.2308860421180725,0.05199173837900162,1.670595407485962,-29.78986930847168
97,1.7999999523162842,0.02388054132461548,0.11940300464630127,0.010150652378797531,-0.017810583114624023,1.2316311597824097,0.3408352732658386,2.300039529800415,-26.427309036254883,0.14458543062210083,0.3568541407585144,0.05422874540090561,1.6084952354431152,-29.98421287536621,0.15148162841796875,0.23673170804977417,0.04852023348212242,1.607254981994629,-30.000532150268555
98,1.7999999523162842,0.01705753803253174,0.12622594833374023,0.012378382496535778,-0.0861349105834961,1.2052702903747559,0.34532588720321655,2.128744125366211,-27.21280860900879,0.1509377360343933,0.19021058082580566,0.052219633013010025,1.5750786066055298,-30.013431549072266,0.15001273155212402,0.21753811836242676,0.053539346903562546,1.6226295232772827,-29.940027236938477
99,1.7999999523162842,0.02132195234298706,0.1722813844680786,0.013119414448738098,-0.06343472003936768,1.3170212507247925,0.3078739047050476,2.023909091949463,-27.844196319580078,0.15762871503829956,0.1848134994506836,0.048255033791065216,1.5845533609390259,-30.079633712768555,0.1471458077430725,0.3039513826370239,0.05279030650854111,1.6135814189910889,-29.943130493164062
100,0.6000000238418579,0.1953091025352478,0.02132183313369751,0.004530045203864574,-0.020534992218017578,0.9426999688148499,0.29302355647087097,1.654676914215088,-30.583398818969727,0.12956690788269043,0.16828924417495728,0.03963921591639519,1.4024993181228638,-31.847848892211914,0.1274813413619995,0.17241692543029785,0.036836620420217514,1.4276660680770874,-31.766942977905273
101,0.6000000238418579,0.19872063398361206,0.030703604221343994,0.004166525788605213,-0.019913673400878906,1.2119203805923462,0.26472005248069763,1.4966336488723755,-31.098392486572266,0.13307857513427734,0.15072590112686157,0.03482181578874588,1.4214730262756348,-31.78206443786621,0.13038218021392822,0.11297339200973511,0.0339084267616272,1.4130587577819824,-31.81300926208496
102,0.6000000238418579,0.19872063398361206,0.03411519527435303,0.004763071425259113,-0.043784499168395996,1.1322709321975708,0.30498650670051575,1.6973917484283447,-30.36472511291504,0.1338396668434143,0.15934836864471436,0.037730563431978226,1.420830249786377,-31.77025032043457,0.13717108964920044,0.15884661674499512,0.03622133657336235,1.3836371898651123,-31.906370162963867
103,0.6000000238418579,0.19701486825942993,0.051172614097595215,0.004054664634168148,-0.035649895668029785,0.9106302857398987,0.30145493149757385,1.8540030717849731,-29.662145614624023,0.13485074043273926,0.11428296566009521,0.03353365883231163,1.4184921979904175,-31.82855224609375,0.13642674684524536,0.14689451456069946,0.0351962149143219,1.4197497367858887,-31.826173782348633
104,0.6000000238418579,0.1944562792778015,0.03240936994552612,0.004707144573330879,-0.03772783279418945,1.1256513595581055,0.2841861844062805,1.6297773122787476,-30.71550750732422,0.12881934642791748,0.19062501192092896,0.039975982159376144,1.424614667892456,-31.713497161865234,0.128381609916687,0.15610647201538086,0.044000737369060516,1.425132155418396,-31.721681594848633
105,0.6000000238418579,0.1944562792778015,0.02046912908554077,0.0035000655334442854,-0.03186237812042236,1.192807674407959,0.29388272762298584,1.777410864830017,-30.175458908081055,0.1291261911392212,0.13821005821228027,0.037121981382369995,1.4345351457595825,-31.74784278869629,0.13564282655715942,0.1158972978591919,0.03460884466767311,1.4239115715026855,-31.770519256591797
106,0.6000000238418579,0.2004263997077942,0.032409489154815674,0.004297015722841024,-0.048395395278930664,0.8954156041145325,0.27384045720100403,1.6610232591629028,-30.4951114654541,0.1286466121673584,0.3969137668609619,0.04088928923010826,1.410843014717102,-31.829919815063477,0.13338279724121094,0.2885724902153015,0.03479049727320671,1.379417061805725,-31.923715591430664
107,0.6000000238418579,0.19872063398361206,0.046055495738983154,0.004287689458578825,-0.09901022911071777,1.5699124336242676,0.34761250019073486,1.8864877223968506,-29.583316802978516,0.13388890027999878,0.09830832481384277,0.02963862381875515,1.3941437005996704,-31.870656967163086,0.12314903736114502,0.16273057460784912,0.04219109192490578,1.386938452720642,-31.891714096069336
108,0.6000000238418579,0.1944562792778015,0.02729213237762451,0.0039614601992070675,-0.019652247428894043,1.198083519935608,0.2794274389743805,1.7412474155426025,-30.212915420532227,0.13123536109924316,0.11426591873168945,0.035754166543483734,1.4234002828598022,-31.80210304260254,0.12466800212860107,0.1219034194946289,0.037219732999801636,1.4441999197006226,-31.719141006469727
109,0.6000000238418579,0.1944562792778015,0.023880600929260254,0.00418516481295228,-0.05165290832519531,0.9907656908035278,0.2850938141345978,1.7510472536087036,-30.30077362060547,0.1341913342475891,0.24080759286880493,0.03621089830994606,1.4223980903625488,-31.817537307739258,0.13997632265090942,0.1373174786567688,0.0335267148911953,1.4093601703643799,-31.84632682800293
110,0.8999999761581421,0.12622594833374023,0.08102351427078247,0.00556934392079711,-0.03602397441864014,1.2118924856185913,0.3261314332485199,1.7318711280822754,-30.45909881591797,0.1288595199584961,0.2639468312263489,0.04029083624482155,1.0918669700622559,-33.02474594116211,0.13768517971038818,0.18142259120941162,0.04262232035398483,1.06489098072052,-33.1018180847168
111,0.8999999761581421,0.13049036264419556,0.030703604221343994,0.0035233711823821068,-0.008906841278076172,1.7907534837722778,0.33987143635749817,1.6848129034042358,-30.633407592773438,0.1313956379890442,0.14496725797653198,0.040794748812913895,0.9883158802986145,-33.17877960205078,0.13273799419403076,0.14328062534332275,0.0395030602812767,1.0682084560394287,-33.08464050292969
112,0.8999999761581421,0.1270788311958313,0.05629003047943115,0.004753752611577511,-0.06972813606262207,1.1622116565704346,0.34015315771102905,1.6788634061813354,-30.38542366027832,0.1374947428703308,0.12507444620132446,0.0379379540681839,1.0367494821548462,-33.10869216918945,0.12961924076080322,0.20814716815948486,0.04258086159825325,0.9870637655258179,-33.18593978881836
113,0.8999999761581421,0.13049036264419556,0.0486140251159668,0.005024060141295195,-0.14995133876800537,1.2266361713409424,0.3183245062828064,1.4252500534057617,-30.95433807373047,0.14107632637023926,0.11672317981719971,0.03336680307984352,1.0528064966201782,-33.04166793823242,0.12109017372131348,0.16937154531478882,0.04099108278751373,1.101568579673767,-32.9901123046875
114,0.8999999761581421,0.13049036264419556,0.07334762811660767,0.005452827084809542,-0.05780816078186035,1.1626427173614502,0.3301144242286682,1.3147156238555908,-31.56894302368164,0.13473820686340332,0.28962743282318115,0.04500582814216614,0.967523455619812,-33.19184112548828,0.13699829578399658,0.18645811080932617,0.03880129009485245,1.0349620580673218,-33.08869934082031
115,0.8999999761581421,0.1270788311958313,0.05629009008407593,0.006627289112657309,-0.02225351333618164,1.106135606765747,0.2911551296710968,1.5725830793380737,-30.711523056030273,0.138072669506073,0.13606011867523193,0.04089462384581566,1.0769156217575073,-33.020103454589844,0.13626307249069214,0.1243906021118164,0.034165021032094955,1.0159412622451782,-33.144859313964844
116,0.8999999761581421,0.1270788311958313,0.06993603706359863,0.007205192465335131,-0.03239083290100098,1.123976707458496,0.2804305851459503,1.6635053157806396,-30.751523971557617,0.13361257314682007,0.14232254028320312,0.03961564600467682,0.9934819936752319,-33.109046936035156,0.13827383518218994,0.19691914319992065,0.03645804896950722,1.0071868896484375,-33.08454513549805
117,0.8999999761581421,0.13049036264419556,0.059701383113861084,0.004888908937573433,-0.08536410331726074,1.8352699279785156,0.3331336975097656,1.6393539905548096,-30.752643585205078,0.13802921772003174,0.264720618724823,0.042636364698410034,1.055047869682312,-33.03754425048828,0.12780755758285522,0.3359193801879883,0.04443823918700218,1.0849658250808716,-32.98139190673828
118,0.8999999761581421,0.13049036264419556,0.09125804901123047,0.005546038970351219,-0.10609114170074463,1.291176676750183,0.31877827644348145,1.7610710859298706,-30.391496658325195,0.14123433828353882,0.31600868701934814,0.039024848490953445,1.0603439807891846,-33.02802658081055,0.1423172950744629,0.19914716482162476,0.044576019048690796,1.0491396188735962,-33.060394287109375
119,0.8999999761581421,0.1270788311958313,0.03923243284225464,0.004819002002477646,-0.07881641387939453,1.3709423542022705,0.3303673565387726,1.4431101083755493,-30.969186782836914,0.13437485694885254,0.1592079997062683,0.044367555528879166,0.9540995359420776,-33.13174819946289,0.13377588987350464,0.1826789379119873,0.041310105472803116,0.9346049427986145,-33.19120788574219
120,1.2000000476837158,0.0886993408203125,0.07675909996032715,0.006948856636881828,-0.12181854248046875,1.9190809726715088,0.3283221423625946,1.9130020141601562,-29.62759780883789,0.13691693544387817,0.4645666480064392,0.04754526913166046,1.184698224067688,-32.36713409423828,0.1371733546257019,0.16101813316345215,0.04931598901748657,1.2569069862365723,-32.18599319458008
121,1.2000000476837158,0.08784645795822144,0.1211087703704834,0.0069675142876803875,-0.07186019420623779,1.2551385164260864,0.32773175835609436,1.777699589729309,-29.43874168395996,0.14301663637161255,0.1633601188659668,0.044553980231285095,1.2803237438201904,-32.189735412597656,0.14187371730804443,0.1664842963218689,0.042457520961761475,1.2708446979522705,-32.180694580078125
122,1.2000000476837158,0.0886993408203125,0.06140732765197754,0.00658069085329771,-0.09343826770782471,1.4308314323425293,0.331082284450531,2.0360655784606934,-28.76156234741211,0.13613361120224,0.2390030026435852,0.03700128570199013,1.2432446479797363,-32.19261932373047,0.13434022665023804,0.3432447910308838,0.047471702098846436,1.16776442527771,-32.37246322631836
123,1.2000000476837158,0.08784645795822144,0.14413654804229736,0.00771320378407836,-0.04709935188293457,1.1514853239059448,0.29748600721359253,2.0611531734466553,-29.046268463134766,0.13592171669006348,0.35670316219329834,0.045945946127176285,1.2153267860412598,-32.344642639160156,0.13801807165145874,0.20637816190719604,0.04649580642580986,1.2638658285140991,-32.21406555175781
124,1.2000000476837158,0.0886993408203125,0.1108742356300354,0.006725161336362362,-0.049607276916503906,1.1081721782684326,0.29334110021591187,1.7116633653640747,-29.91411590576172,0.14915549755096436,0.2712324261665344,0.04702714830636978,1.2802785634994507,-32.128684997558594,0.1421489715576172,0.3326544761657715,0.04750574752688408,1.308240294456482,-32.10349655151367
125,1.2000000476837158,0.08784645795822144,0.08699369430541992,0.006916242651641369,-0.13498413562774658,1.0194880962371826,0.27528950572013855,1.8145664930343628,-29.682401657104492,0.13855934143066406,0.22466397285461426,0.04156429320573807,1.3770772218704224,-31.997989654541016,0.14193123579025269,0.22864305973052979,0.04722851887345314,1.2911258935928345,-32.22223663330078
126,1.2000000476837158,0.08784645795822144,0.08187627792358398,0.007997489534318447,-0.07152605056762695,1.5908069610595703,0.32338008284568787,1.745048999786377,-29.73604393005371,0.1465016007423401,0.14992666244506836,0.039940670132637024,1.1947084665298462,-32.26083755493164,0.14123141765594482,0.12952345609664917,0.040266748517751694,1.1740282773971558,-32.2990608215332
127,1.2000000476837158,0.08784645795822144,0.08528786897659302,0.007801752537488937,0.0028967857360839844,1.355498194694519,0.3064567744731903,1.6924552917480469,-29.861936569213867,0.1438472867012024,0.1914273500442505,0.04390304908156395,1.2024445533752441,-32.20538330078125,0.13653546571731567,0.3469269275665283,0.04687534272670746,1.2796236276626587,-32.06724548339844
128,1.2000000476837158,0.08784645795822144,0.12622594833374023,0.007685227319598198,-0.017510056495666504,0.9516885876655579,0.3145345449447632,1.5889153480529785,-30.291059494018555,0.14202570915222168,0.19623827934265137,0.04339500889182091,1.1247060298919678,-32.39095687866211,0.14263319969177246,0.27745985984802246,0.04332597181200981,1.1868990659713745,-32.26782989501953
129,1.2000000476837158,0.08784645795822144,0.07334756851196289,0.00615657726302743,-0.08119368553161621,0.9260567426681519,0.30142468214035034,1.7610281705856323,-29.976970672607422,0.14287441968917847,0.18033212423324585,0.04200289398431778,1.1656838655471802,-32.330970764160156,0.13389825820922852,0.2404719591140747,0.04427959769964218,1.18631911277771,-32.27684020996094
130,1.5,0.07505327463150024,0.06737750768661499,0.006217155605554581,-0.10296988487243652,1.2361059188842773,0.3534197211265564,1.8169132471084595,-28.982986450195312,0.14551299810409546,0.3678247928619385,0.04963555932044983,1.4215326309204102,-31.10491180419922,0.14111608266830444,0.1845569610595703,0.050349216908216476,1.418813705444336,-31.128040313720703
131,1.5,0.07590615749359131,0.07761186361312866,0.005340971518307924,-0.05609726905822754,1.4680078029632568,0.3668293356895447,2.0922348499298096,-28.03191375732422,0.14209914207458496,0.20435011386871338,0.04898747429251671,1.3658186197280884,-31.33061408996582,0.14746642112731934,0.28697705268859863,0.04724292829632759,1.3910045623779297,-31.26344108581543
132,1.5,0.07420039176940918,0.0648188591003418,0.0056765261106193066,-0.006527423858642578,1.4500128030776978,0.3309936225414276,1.8087280988693237,-28.953575134277344,0.14359569549560547,0.1428675651550293,0.04292278364300728,1.410928726196289,-31.154380798339844,0.14114439487457275,0.32572370767593384,0.04922010004520416,1.391371488571167,-31.26238250732422
133,1.5,0.06823021173477173,0.10405111312866211,0.00787164457142353,-0.09425044059753418,1.2215888500213623,0.34140631556510925,2.066225290298462,-27.72561264038086,0.14534395933151245,0.23370349407196045,0.04675920680165291,1.480676531791687,-30.923612594604492,0.1430424451828003,0.3049658536911011,0.05714332312345505,1.497041940689087,-30.93511962890625
134,1.5,0.07505327463150024,0.05628997087478638,0.0052011506631970406,-0.05802786350250244,1.5723222494125366,0.34434130787849426,1.894372820854187,-28.602365493774414,0.1340193748474121,0.3252033591270447,0.050822336226701736,1.3580468893051147,-31.281742095947266,0.1464531421661377,0.2529885768890381,0.05018894001841545,1.4076884984970093,-31.128538131713867
135,1.5,0.07590615749359131,0.0886993408203125,0.00805807113647461,-0.006038308143615723,0.9021822214126587,0.3001748323440552,1.8633278608322144,-28.948684692382812,0.13726621866226196,0.16197854280471802,0.047859400510787964,1.3904838562011719,-31.275360107421875,0.1458350419998169,0.2683570384979248,0.039864640682935715,1.4099369049072266,-31.28372573852539
136,1.5,0.07505327463150024,0.08443492650985718,0.0066832066513597965,-0.06270194053649902,1.060908317565918,0.3062659502029419,1.8271138668060303,-28.98862648010254,0.13705605268478394,0.26754873991012573,0.05330676585435867,1.4549089670181274,-31.1182804107666,0.15337634086608887,0.1741328239440918,0.045758914202451706,1.445351481437683,-31.208511352539062
137,1.5,0.07505327463150024,0.11428570747375488,0.005471461918205023,-0.057782888412475586,1.1645094156265259,0.36001110076904297,1.9121307134628296,-28.418468475341797,0.1396198272705078,0.31165629625320435,0.05358095467090607,1.3697117567062378,-31.36762809753418,0.14375799894332886,0.15961581468582153,0.04577754810452461,1.4466279745101929,-31.066715240478516
138,1.5,0.07505327463150024,0.06993609666824341,0.0065620229579508305,-0.09753155708312988,1.7728341817855835,0.3025834262371063,1.894115686416626,-28.536211013793945,0.14983844757080078,0.1900700330734253,0.05289524793624878,1.4422364234924316,-31.041683197021484,0.14336228370666504,0.3237239718437195,0.045100659132003784,1.4531253576278687,-31.137338638305664
139,1.5,0.07505327463150024,0.04434967041015625,0.006235793698579073,-0.015627026557922363,1.239781141281128,0.32128533720970154,1.9493259191513062,-28.90690803527832,0.15439718961715698,0.20706915855407715,0.04256565123796463,1.4292829036712646,-31.12171745300293,0.1440315842628479,0.26092708110809326,0.05323692411184311,1.420280933380127,-31.186111450195312
140,1.7999999523162842,0.03155648708343506,0.07164180278778076,0.009857043623924255,-0.12448108196258545,1.2399992942810059,0.29381054639816284,2.027561902999878,-27.727100372314453,0.13332229852676392,0.32162290811538696,0.05816921219229698,1.591911792755127,-30.048479080200195,0.15430444478988647,0.34293025732040405,0.05752546712756157,1.5732094049453735,-30.080400466918945
141,1.7999999523162842,0.023027658462524414,0.6021322011947632,0.02006361447274685,-0.10559523105621338,1.147817611694336,0.29702261090278625,1.8619376420974731,-28.453353881835938,0.14640337228775024,0.23582470417022705,0.054608024656772614,1.5770626068115234,-29.91006851196289,0.15370827913284302,0.1610063910484314,0.04680224880576134,1.6281077861785889,-29.60106086730957
142,1.7999999523162842,0.03496795892715454,0.0801706314086914,0.010905657894909382,-0.020166516304016113,1.122129201889038,0.3239068388938904,2.4004528522491455,-25.78559684753418,0.14994770288467407,0.2643088698387146,0.05295892059803009,1.6249829530715942,-29.928747177124023,0.1442968249320984,0.21068120002746582,0.04909456893801689,1.6228185892105103,-30.063074111938477
143,1.7999999523162842,0.0486140251159668,0.09722816944122314,0.011628036387264729,-0.03049337863922119,1.3073866367340088,0.35347625613212585,2.1310665607452393,-27.171255111694336,0.15582191944122314,0.23316854238510132,0.04967391863465309,1.5893521308898926,-30.070432662963867,0.1422584056854248,0.19299697875976562,0.04977801442146301,1.6044604778289795,-30.092784881591797
144,1.7999999523162842,0.01705753803253174,0.1296374797821045,0.012042826972901821,-0.10667526721954346,1.2519748210906982,0.3225872814655304,1.8731986284255981,-28.604679107666016,0.1524866819381714,0.21339696645736694,0.04674369841814041,1.5879404544830322,-30.06291389465332,0.14386004209518433,0.3159462809562683,0.048071183264255524,1.5736836194992065,-30.062467575073242
145,1.7999999523162842,0.024733424186706543,0.09637540578842163,0.009661293588578701,0.0023193359375,1.6127253770828247,0.36157575249671936,2.232788324356079,-26.560192108154297,0.14995771646499634,0.256946861743927,0.054762426763772964,1.5858449935913086,-30.05067253112793,0.14392554759979248,0.24483269453048706,0.05961403250694275,1.570557951927185,-30.073286056518555
146,1.7999999523162842,0.01705753803253174,0.12622594833374023,0.011297141201794147,-0.016466140747070312,1.2512805461883545,0.3921949863433838,2.1788039207458496,-27.067562103271484,0.1531907320022583,0.2976419925689697,0.0465264767408371,1.6711961030960083,-29.822811126708984,0.1591598391532898,0.4192987084388733,0.05587688833475113,1.7109220027923584,-29.484420776367188
147,1.7999999523162842,0.02388054132461548,0.11940300464630127,0.010150652378797531,-0.13014185428619385,1.3779563903808594,0.36507174372673035,2.384981632232666,-25.83028793334961,0.1510106921195984,0.32028019428253174,0.05506489798426628,1.6315375566482544,-29.825660705566406,0.15750229358673096,0.15781950950622559,0.04836038500070572,1.567937970161438,-30.15847396850586
148,1.7999999523162842,0.01705753803253174,0.12622594833374023,0.012378382496535778,-0.012088894844055176,1.9027857780456543,0.30247795581817627,2.2136425971984863,-26.708669662475586,0.1516302227973938,0.22732293605804443,0.05510931462049484,1.5623884201049805,-30.201541900634766,0.1559043526649475,0.3335069417953491,0.05968228727579117,1.6742581129074097,-29.756967544555664
149,1.7999999523162842,0.02132195234298706,0.1722813844680786,0.013119414448738098,-0.05316281318664551,1.1673071384429932,0.3456880748271942,2.1754581928253174,-27.040441513061523,0.13822293281555176,0.18164730072021484,0.0535573773086071,1.6149131059646606,-29.931062698364258,0.15571749210357666,0.21261954307556152,0.054595496505498886,1.6445770263671875,-29.87569236755371
150,0.6000000238418579,0.1953091025352478,0.02132183313369751,0.004530045203864574,-0.2026691436767578,1.1134066581726074,0.309016615152359,1.6964651346206665,-30.32872772216797,0.12989085912704468,0.15467345714569092,0.035999514162540436,1.3987765312194824,-31.850732803344727,0.13210785388946533,0.12624555826187134,0.032840073108673096,1.405568242073059,-31.84033203125
151,0.6000000238418579,0.19872063398361206,0.030703604221343994,0.004166525788605213,-0.0440673828125,1.213850975036621,0.2807309329509735,1.6612107753753662,-30.597492218017578,0.13262397050857544,0.12547874450683594,0.0419655442237854,1.3731471300125122,-31.943073272705078,0.13267803192138672,0.15951800346374512,0.03637466952204704,1.4193161725997925,-31.804874420166016
152,0.6000000238418579,0.19872063398361206,0.03411519527435303,0.004763071425259113,-0.11570000648498535,1.3002433776855469,0.3096163272857666,1.931130290031433,-29.496252059936523,0.12117469310760498,0.25040894746780396,0.04092017188668251,1.4214853048324585,-31.76797103881836,0.13646548986434937,0.1611999273300171,0.036519963294267654,1.4220672845840454,-31.752546310424805
153,0.6000000238418579,0.19701486825942993,0.051172614097595215,0.004054664634168148,-0.08005940914154053,1.0548274517059326,0.2858982980251312,1.6894489526748657,-30.44842529296875,0.13354474306106567,0.23157286643981934,0.04115665704011917,1.4122884273529053,-31.848670959472656,0.13487869501113892,0.15130501985549927,0.03333604335784912,1.466374158859253,-31.649410247802734
154,0.6000000238418579,0.1944562792778015,0.03240936994552612,0.004707144573330879,-0.004112124443054199,0.9806321263313293,0.2619037926197052,1.4889739751815796,-31.066869735717773,0.13149386644363403,0.2486203908920288,0.039040401577949524,1.4161423444747925,-31.767635345458984,0.13312041759490967,0.13257962465286255,0.037323832511901855,1.4190765619277954,-31.753477096557617
155,0.6000000238418579,0.1944562792778015,0.02046912908554077,0.0035000655334442854,-0.09743177890777588,1.42061448097229,0.2918331027030945,1.684012532234192,-30.36659812927246,0.13228309154510498,0.2788720726966858,0.03976498544216156,1.4577239751815796,-31.668010711669922,0.13797509670257568,0.19218957424163818,0.037194885313510895,1.4412444829940796,-31.727230072021484
156,0.6000000238418579,0.2004263997077942,0.032409489154815674,0.004297015722841024,-0.010024189949035645,0.9863952398300171,0.2896539866924286,1.5276912450790405,-30.895523071289062,0.13496893644332886,0.16634398698806763,0.03636269271373749,1.3952306509017944,-31.884307861328125,0.13217365741729736,0.20646876096725464,0.03846945986151695,1.416430115699768,-31.811805725097656
157,0.6000000238418579,0.19872063398361206,0.046055495738983154,0.004287689458578825,-0.10028970241546631,1.2773962020874023,0.3084278106689453,1.8284391164779663,-29.865062713623047,0.1373562216758728,0.10883557796478271,0.03305046260356903,1.378687858581543,-31.929508209228516,0.12497365474700928,0.13878148794174194,0.03577188402414322,1.393721342086792,-31.867265701293945
158,0.6000000238418579,0.1944562792778015,0.02729213237762451,0.0039614601992070675,-0.03612947463989258,1.086181879043579,0.26732337474823,1.7268186807632446,-30.266868591308594,0.13900113105773926,0.09820938110351562,0.033891644328832626,1.4344016313552856,-31.760168075561523,0.13314217329025269,0.19987201690673828,0.0385763943195343,1.4119858741760254,-31.834203720092773
159,0.6000000238418579,0.1944562792778015,0.023880600929260254,0.00418516481295228,-0.043982625007629395,0.9976839423179626,0.3146168887615204,1.6505500078201294,-30.43935203552246,0.13304972648620605,0.13832926750183105,0.04156102240085602,1.428641438484192,-31.80088996887207,0.13518959283828735,0.2111368179321289,0.0371243879199028,1.3821139335632324,-31.947725296020508
160,0.8999999761581421,0.12622594833374023,0.08102351427078247,0.00556934392079711,-0.01388239860534668,1.024078607559204,0.28746381402015686,1.7138432264328003,-30.577136993408203,0.1366329789161682,0.11255604028701782,0.04010789096355438,1.1405227184295654,-32.945858001708984,0.1326000690460205,0.3085455894470215,0.044900547713041306,1.0876563787460327,-33.05680847167969
161,0.8999999761581421,0.13049036264419556,0.030703604221343994,0.0035233711823821068,-0.06292355060577393,0.7914535403251648,0.2919217050075531,1.4857639074325562,-31.119373321533203,0.13415294885635376,0.1327393651008606,0.046779483556747437,1.0294427871704102,-33.11835479736328,0.13740193843841553,0.19350796937942505,0.04178210720419884,1.0087615251541138,-33.16690444946289
162,0.8999999761581421,0.1270788311958313,0.05629003047943115,0.004753752611577511,-0.10787653923034668,0.9719924926757812,0.2677910029888153,1.5021631717681885,-31.1566219329834,0.14018988609313965,0.15428310632705688,0.036009322851896286,0.9637367725372314,-33.230613708496094,0.13820016384124756,0.23318743705749512,0.05124659091234207,1.0197057723999023,-33.1312141418457
163,0.8999999761581421,0.13049036264419556,0.0486140251159668,0.005024060141295195,-0.04129993915557861,0.9978983998298645,0.2705640494823456,1.5313911437988281,-31.198463439941406,0.13380229473114014,0.20930665731430054,0.0404590368270874,1.0503867864608765,-33.06864547729492,0.1305345892906189,0.16874772310256958,0.045785773545503616,1.0828323364257812,-32.997650146484375
164,0.8999999761581421,0.13049036264419556,0.07334762811660767,0.005452827084809542,-0.022074460983276367,1.1368545293807983,0.3259277939796448,1.5878556966781616,-30.619714736938477,0.1405203938484192,0.15127134323120117,0.035515278577804565,1.0231752395629883,-33.08106994628906,0.13126593828201294,0.19601595401763916,0.042134352028369904,1.0182607173919678,-33.10964584350586
165,0.8999999761581421,0.1270788311958313,0.05629009008407593,0.006627289112657309,-0.059449195861816406,1.20511794090271,0.3137594163417816,1.5338026285171509,-31.086170196533203,0.12794435024261475,0.1963123083114624,0.04005013033747673,1.0091811418533325,-33.13218307495117,0.13206273317337036,0.16143584251403809,0.042829081416130066,1.0585863590240479,-33.050228118896484
166,0.8999999761581421,0.1270788311958313,0.06993603706359863,0.007205192465335131,-0.035941243171691895,1.1004464626312256,0.2907225489616394,1.5955051183700562,-30.88817024230957,0.1322871446609497,0.25230973958969116,0.038674358278512955,1.0006799697875977,-33.093017578125,0.1419258713722229,0.3447337746620178,0.04142135754227638,1.0252580642700195,-33.05999755859375
167,0.8999999761581421,0.13049036264419556,0.059701383113861084,0.004888908937573433,-0.045804738998413086,0.9554871320724487,0.28907492756843567,1.5921072959899902,-30.982711791992188,0.1371573805809021,0.33000630140304565,0.041359733790159225,1.0466724634170532,-33.022830963134766,0.13578349351882935,0.13324755430221558,0.04074195399880409,1.0392009019851685,-33.03963088989258
168,0.8999999761581421,0.13049036264419556,0.09125804901123047,0.005546038970351219,-0.1446535587310791,1.6821779012680054,0.337944358587265,1.7596513032913208,-30.46340560913086,0.13146042823791504,0.15182143449783325,0.03907083719968796,1.0303841829299927,-33.07276153564453,0.1375381350517273,0.11767750978469849,0.03645946457982063,1.0709505081176758,-32.966041564941406
169,0.8999999761581421,0.1270788311958313,0.03923243284225464,0.004819002002477646,0.00213468074798584,1.0431090593338013,0.2859647572040558,1.5041388273239136,-30.86113929748535,0.13578402996063232,0.2012597918510437,0.04195505380630493,0.9720280170440674,-33.12246322631836,0.13549590110778809,0.15731024742126465,0.040254462510347366,0.9877750873565674,-33.0799674987793
170,1.2000000476837158,0.0886993408203125,0.07675909996032715,0.006948856636881828,-0.034598350524902344,1.013448715209961,0.3067416846752167,1.660578727722168,-30.381912231445312,0.14399570226669312,0.16913235187530518,0.03894718736410141,1.211822509765625,-32.33738327026367,0.13839954137802124,0.28074556589126587,0.04086870327591896,1.2238177061080933,-32.300655364990234
171,1.2000000476837158,0.08784645795822144,0.1211087703704834,0.0069675142876803875,-0.12242293357849121,1.8574621677398682,0.3356649875640869,1.7147847414016724,-30.09632682800293,0.1389533281326294,0.2196616530418396,0.044910356402397156,1.3112996816635132,-32.070518493652344,0.13437163829803467,0.2936258316040039,0.04571755602955818,1.2895091772079468,-32.149227142333984
172,1.2000000476837158,0.0886993408203125,0.06140732765197754,0.00658069085329771,0.015096426010131836,1.0363754034042358,0.32071152329444885,1.6748533248901367,-30.14545249938965,0.14084744453430176,0.2074684500694275,0.04623871669173241,1.2530885934829712,-32.10398483276367,0.1412290334701538,0.1795077919960022,0.04738571122288704,1.1951996088027954,-32.3248291015625
173,1.2000000476837158,0.08784645795822144,0.14413654804229736,0.00771320378407836,-0.021698951721191406,1.179618239402771,0.3077380061149597,1.7316508293151855,-30.245290756225586,0.1374814510345459,0.2587287425994873,0.04967959225177765,1.2783787250518799,-32.198394775390625,0.13380807638168335,0.1499156951904297,0.047814350575208664,1.2576868534088135,-32.257568359375
174,1.2000000476837158,0.0886993408203125,0.1108742356300354,0.006725161336362362,-0.06696462631225586,1.0474755764007568,0.3090454936027527,1.6081684827804565,-30.349170684814453,0.1359713077545166,0.46240413188934326,0.050091978162527084,1.2807475328445435,-32.191001892089844,0.14049166440963745,0.3057623505592346,0.04458209499716759,1.3446530103683472,-32.02910232543945
175,1.2000000476837158,0.08784645795822144,0.08699369430541992,0.006916242651641369,-0.028427720069885254,1.0835174322128296,0.32398080825805664,1.728500247001648,-30.10150909423828,0.13831734657287598,0.1721174716949463,0.03947403281927109,1.352258563041687,-32.102203369140625,0.13993394374847412,0.2997225522994995,0.047369569540023804,1.2898998260498047,-32.18106460571289
176,1.2000000476837158,0.08784645795822144,0.08187627792358398,0.007997489534318447,-0.018641948699951172,0.9453192353248596,0.31212735176086426,1.8168487548828125,-29.30413818359375,0.14549285173416138,0.15521115064620972,0.044299155473709106,1.2239869832992554,-32.234764099121094,0.13425517082214355,0.15798407793045044,0.04631596803665161,1.2209031581878662,-32.208011627197266
177,1.2000000476837158,0.08784645795822144,0.08528786897659302,0.007801752537488937,-0.1523606777191162,1.0783330202102661,0.2790726125240326,1.8265310525894165,-29.7330379486084,0.1395387053489685,0.19226425886154175,0.04679553583264351,1.2110459804534912,-32.20241928100586,0.143471360206604,0.20707648992538452,0.04006262868642807,1.2123355865478516,-32.15995788574219
178,1.2000000476837158,0.08784645795822144,0.12622594833374023,0.007685227319598198,-0.0070084333419799805,1.226177453994751,0.3037603199481964,1.6247975826263428,-30.05122184753418,0.1414257287979126,0.15202701091766357,0.04527520388364792,1.081100344657898,-32.3984375,0.13742780685424805,0.33226919174194336,0.04893936961889267,1.1254380941390991,-32.35694885253906
179,1.2000000476837158,0.08784645795822144,0.07334756851196289,0.00615657726302743,-0.010423541069030762,1.0631217956542969,0.325701504945755,1.8243154287338257,-29.50242805480957,0.1428847312927246,0.32250022888183594,0.046437062323093414,1.1488724946975708,-32.34666061401367,0.14123916625976562,0.1484471559524536,0.04109633341431618,1.1927084922790527,-32.29623794555664
180,1.5,0.07505327463150024,0.06737750768661499,0.006217155605554581,0.0030536651611328125,1.0231267213821411,0.2933339476585388,1.7645131349563599,-29.514415740966797,0.14733809232711792,0.18934684991836548,0.04516015574336052,1.403591513633728,-31.147506713867188,0.1395249366760254,0.3318607807159424,0.054033417254686356,1.3862415552139282,-31.28037452697754
181,1.5,0.07590615749359131,0.07761186361312866,0.005340971518307924,0.011566698551177979,1.291572093963623,0.33086255192756653,2.0192983150482178,-28.50311279296875,0.13955891132354736,0.35350286960601807,0.05683673545718193,1.399228811264038,-31.218107223510742,0.14482134580612183,0.2570992112159729,0.05467873811721802,1.4359185695648193,-31.015487670898438
182,1.5,0.07420039176940918,0.0648188591003418,0.0056765261106193066,-0.053334593772888184,1.174527645111084,0.3023272156715393,1.9326578378677368,-28.658050537109375,0.13563662767410278,0.24088478088378906,0.048846952617168427,1.362522006034851,-31.283235549926758,0.13887494802474976,0.13995420932769775,0.050718020647764206,1.388073444366455,-31.26325798034668
183,1.5,0.06823021173477173,0.10405111312866211,0.00787164457142353,0.003797292709350586,1.0861074924468994,0.2900468409061432,1.7992316484451294,-29.063051223754883,0.14241576194763184,0.1618175506591797,0.04685721918940544,1.4458727836608887,-31.118934631347656,0.14419138431549072,0.2278793454170227,0.043754879385232925,1.50504469871521,-30.95973777770996
184,1.5,0.07505327463150024,0.05628997087478638,0.0052011506631970406,-0.06660604476928711,1.1941319704055786,0.3084906339645386,1.855709433555603,-28.876888275146484,0.14433008432388306,0.16626787185668945,0.045574478805065155,1.3442630767822266,-31.306848526000977,0.14979487657546997,0.12864917516708374,0.04557163268327713,1.3985381126403809,-31.105348587036133
185,1.5,0.07590615749359131,0.0886993408203125,0.00805807113647461,-0.045291900634765625,1.2464271783828735,0.34313997626304626,2.0144855976104736,-28.474685668945312,0.14379417896270752,0.13803869485855103,0.043184444308280945,1.3924334049224854,-31.296236038208008,0.13979202508926392,0.2016964554786682,0.05486198514699936,1.3722712993621826,-31.2652645111084
186,1.5,0.07505327463150024,0.08443492650985718,0.0066832066513597965,-0.04764711856842041,0.8688730001449585,0.3043007254600525,1.8137928247451782,-29.341541290283203,0.13777494430541992,0.18164992332458496,0.045523133128881454,1.4759674072265625,-31.060163497924805,0.1346537470817566,0.2014603614807129,0.051333166658878326,1.417304515838623,-31.197071075439453
187,1.5,0.07505327463150024,0.11428570747375488,0.005471461918205023,-0.09368181228637695,1.361179232597351,0.386977881193161,1.8710393905639648,-28.562259674072266,0.1450466513633728,0.47170376777648926,0.04917947202920914,1.3975365161895752,-31.22311782836914,0.1459067463874817,0.3066520094871521,0.04923885688185692,1.3950766324996948,-31.227201461791992
188,1.5,0.07505327463150024,0.06993609666824341,0.0065620229579508305,-0.02656865119934082,1.0721371173858643,0.3203503489494324,1.7127567529678345,-29.551034927368164,0.14141947031021118,0.24589276313781738,0.05387735366821289,1.4554476737976074,-31.05759048461914,0.13967925310134888,0.3530493974685669,0.053285691887140274,1.451827049255371,-31.1675968170166
189,1.5,0.07505327463150024,0.04434967041015625,0.006235793698579073,-0.037512898445129395,1.1346800327301025,0.3221607208251953,1.9190737009048462,-28.54684066772461,0.1392124891281128,0.2854207754135132,0.05157627910375595,1.4439060688018799,-31.089750289916992,0.1430092453956604,0.2866678833961487,0.048169899731874466,1.4196300506591797,-31.119165420532227
190,1.7999999523162842,0.03155648708343506,0.07164180278778076,0.009857043623924255,-0.04065895080566406,1.0984160900115967,0.31474295258522034,2.0417227745056152,-27.75465965270996,0.14354830980300903,0.5649416446685791,0.06492993235588074,1.6215306520462036,-29.989046096801758,0.15421819686889648,0.23482966423034668,0.054956357926130295,1.535814642906189,-30.279150009155273
191,1.7999999523162842,0.023027658462524414,0.6021322011947632,0.02006361447274685,-0.03600120544433594,1.1813323497772217,0.34644076228141785,2.1584956645965576,-26.929092407226562,0.1559358835220337,0.2757710814476013,0.053790584206581116,1.5969659090042114,-29.845046997070312,0.15276378393173218,0.3654608726501465,0.05366966873407364,1.5915656089782715,-29.837671279907227
192,1.7999999523162842,0.03496795892715454,0.0801706314086914,0.010905657894909382,-0.009671211242675781,1.0589053630828857,0.3351238965988159,1.982216238975525,-27.931278228759766,0.15026718378067017,0.1937209963798523,0.055335287004709244,1.638191819190979,-29.852161407470703,0.1576104760169983,0.3081204891204834,0.048037320375442505,1.628029227256775,-29.89692497253418
193,1.7999999523162842,0.0486140251159668,0.09722816944122314,0.011628036387264729,-0.05279672145843506,1.21976637840271,0.34527361392974854,2.0511608123779297,-27.754375457763672,0.14564746618270874,0.2127246856689453,0.058058273047208786,1.5318161249160767,-30.36259651184082,0.14801239967346191,0.26392698287963867,0.05291059613227844,1.6004260778427124,-30.10397720336914
194,1.7999999523162842,0.01705753803253174,0.1296374797821045,0.012042826972901821,-0.10375380516052246,1.178849220275879,0.3274311423301697,1.9647847414016724,-28.58272933959961,0.15232157707214355,0.26207780838012695,0.05397360771894455,1.5950027704238892,-29.950429916381836,0.1540137529373169,0.34552299976348877,0.05337992310523987,1.6496081352233887,-29.832599639892578
195,1.7999999523162842,0.024733424186706543,0.09637540578842163,0.009661293588578701,0.007212221622467041,1.2491272687911987,0.3346671462059021,2.2493896484375,-26.7728271484375,0.14366471767425537,0.3386377692222595,0.05402902513742447,1.5666519403457642,-30.193450927734375,0.15642184019088745,0.3061301112174988,0.045813966542482376,1.6326406002044678,-29.780101776123047
196,1.7999999523162842,0.01705753803253174,0.12622594833374023,0.011297141201794147,-0.04906964302062988,1.42069673538208,0.3227483630180359,2.146104335784912,-27.310894012451172,0.15282130241394043,0.1865854263305664,0.0453798770904541,1.647500991821289,-29.945486068725586,0.15330404043197632,0.26595866680145264,0.05565363168716431,1.6122596263885498,-29.977886199951172
197,1.7999999523162842,0.02388054132461548,0.11940300464630127,0.010150652378797531,-0.0651010274887085,2.0125553607940674,0.34398317337036133,2.089956283569336,-27.62804412841797,0.1531367301940918,0.238988995552063,0.049780551344156265,1.6396366357803345,-29.99513053894043,0.14946603775024414,0.6424086689949036,0.05992893502116203,1.631427526473999,-29.854097366333008
198,1.7999999523162842,0.01705753803253174,0.12622594833374023,0.012378382496535778,-0.13023746013641357,1.2309131622314453,0.3403310775756836,2.1240291595458984,-27.09095001220703,0.14956533908843994,0.4874800443649292,0.05814347416162491,1.659865140914917,-29.840696334838867,0.15442943572998047,0.315305233001709,0.06057584285736084,1.6041154861450195,-30.025917053222656
199,1.7999999523162842,0.02132195234298706,0.1722813844680786,0.013119414448738098,-0.06972610950469971,1.5011152029037476,0.362728089094162,1.9200385808944702,-28.376266479492188,0.1444796919822693,0.30369389057159424,0.05347707122564316,1.615078330039978,-29.999353408813477,0.1407005786895752,0.23178106546401978,0.0557582825422287,1.6506961584091187,-29.851964950561523
200,0.6000000238418579,0.1953091025352478,0.02132183313369751,0.004530045203864574,0.0051503777503967285,1.0319743156433105,0.2762081027030945,1.5662026405334473,-30.875499725341797,0.13509142398834229,0.17315399646759033,0.034285660833120346,1.396038293838501,-31.86787223815918,0.13409078121185303,0.10886377096176147,0.03464050590991974,1.4076449871063232,-31.811918258666992
201,0.6000000238418579,0.19872063398361206,0.030703604221343994,0.004166525788605213,0.01680976152420044,0.947866678237915,0.26255789399147034,1.6455950736999512,-30.605541229248047,0.12517040967941284,0.18798446655273438,0.04165729135274887,1.4343957901000977,-31.743017196655273,0.13251245021820068,0.124187171459198,0.03424982726573944,1.4191628694534302,-31.802122116088867
202,0.6000000238418579,0.19872063398361206,0.03411519527435303,0.004763071425259113,-0.01120758056640625,0.9212254881858826,0.27418819069862366,1.6205909252166748,-30.737855911254883,0.13610166311264038,0.2782682776451111,0.042936794459819794,1.439253330230713,-31.699378967285156,0.13003724813461304,0.12885373830795288,0.03447629138827324,1.4330888986587524,-31.74428367614746
203,0.6000000238418579,0.19701486825942993,0.051172614097595215,0.004054664634168148,-0.013466596603393555,1.2748229503631592,0.3085838854312897,1.5762624740600586,-30.830238342285156,0.13788467645645142,0.11749017238616943,0.03509548306465149,1.4466949701309204,-31.737804412841797,0.13426417112350464,0.13935649394989014,0.04040050506591797,1.439244270324707,-31.774314880371094
204,0.6000000238418579,0.1944562792778015,0.03240936994552612,0.004707144573330879,-0.04101705551147461,1.300232172012329,0.3139284551143646,1.6960567235946655,-30.29319190979004,0.1282694935798645,0.14084899425506592,0.03591334819793701,1.408363699913025,-31.806045532226562,0.12873625755310059,0.1516086459159851,0.04079832509160042,1.434629201889038,-31.69339942932129
205,0.6000000238418579,0.1944562792778015,0.02046912908554077,0.0035000655334442854,-0.06289279460906982,1.1229636669158936,0.3292348086833954,1.7626392841339111,-29.98578453063965,0.13058555126190186,0.15758299827575684,0.037489499896764755,1.4188132286071777,-31.799007415771484,0.1284887194633484,0.14094096422195435,0.04104774817824364,1.447483777999878,-31.68325424194336
206,0.6000000238418579,0.2004263997077942,0.032409489154815674,0.004297015722841024,-0.04926788806915283,0.9356558322906494,0.2648721933364868,1.6687403917312622,-30.535850524902344,0.13631337881088257,0.1941298246383667,0.03429953753948212,1.4125423431396484,-31.819259643554688,0.13717281818389893,0.1275504231452942,0.0373309925198555,1.4013030529022217,-31.861738204956055
207,0.6000000238418579,0.19872063398361206,0.046055495738983154,0.004287689458578825,-0.022942304611206055,1.1582744121551514,0.3274611532688141,1.851572036743164,-29.81218147277832,0.12671750783920288,0.16014057397842407,0.03555319085717201,1.3756309747695923,-31.942163467407227,0.13269788026809692,0.141912043094635,0.03220027685165405,1.352590560913086,-31.996414184570312
208,0.6000000238418579,0.1944562792778015,0.02729213237762451,0.0039614601992070675,-0.06662845611572266,1.5347232818603516,0.287183940410614,1.8375087976455688,-29.92156219482422,0.12167692184448242,0.11506295204162598,0.03580257296562195,1.439110279083252,-31.72995376586914,0.1318598985671997,0.17533773183822632,0.04112202674150467,1.4324458837509155,-31.740764617919922
209,0.6000000238418579,0.1944562792778015,0.023880600929260254,0.00418516481295228,-0.04617178440093994,0.8673335909843445,0.28303083777427673,1.763838529586792,-30.139366149902344,0.13126230239868164,0.13726472854614258,0.034613337367773056,1.4444838762283325,-31.72368812561035,0.12493383884429932,0.1392308473587036,0.038587022572755814,1.4152534008026123,-31.8488712310791
210,0.8999999761581421,0.12622594833374023,0.08102351427078247,0.00556934392079711,-0.018788456916809082,1.4641523361206055,0.3104534149169922,1.4989224672317505,-31.050533294677734,0.13027602434158325,0.18361228704452515,0.03932831436395645,1.0924651622772217,-33.051856994628906,0.14155572652816772,0.22690200805664062,0.039448417723178864,1.1197105646133423,-32.9963264465332
211,0.8999999761581421,0.13049036264419556,0.030703604221343994,0.0035233711823821068,-0.08813166618347168,1.2718281745910645,0.3097365200519562,1.5721313953399658,-30.821767807006836,0.13252562284469604,0.12934142351150513,0.036632973700761795,1.0091841220855713,-33.150638580322266,0.13109445571899414,0.1332523226737976,0.03684478998184204,1.0018556118011475,-33.162235260009766
212,0.8999999761581421,0.1270788311958313,0.05629003047943115,0.004753752611577511,-0.06494522094726562,1.094512701034546,0.3229517936706543,1.3632646799087524,-31.509544372558594,0.13801759481430054,0.12611550092697144,0.03538472205400467,0.96764075756073,-33.20869827270508,0.13996070623397827,0.17050844430923462,0.03694812208414078,1.0017707347869873,-33.16721725463867
213,0.8999999761581421,0.13049036264419556,0.0486140251159668,0.005024060141295195,-0.017543315887451172,0.9201499819755554,0.3000432252883911,1.5815891027450562,-31.051855087280273,0.1333521604537964,0.22226428985595703,0.04142582789063454,1.0308195352554321,-33.09396743774414,0.13527417182922363,0.26347827911376953,0.038334187120199203,1.0483417510986328,-33.06254577636719
214,0.8999999761581421,0.13049036264419556,0.07334762811660767,0.005452827084809542,-0.06669461727142334,0.8770698308944702,0.27200454473495483,1.549274206161499,-31.17388343811035,0.13466471433639526,0.19265931844711304,0.039545390754938126,0.9662538766860962,-33.16496658325195,0.1323801875114441,0.14376938343048096,0.03695670887827873,1.0477819442749023,-33.044166564941406
215,0.8999999761581421,0.1270788311958313,0.05629009008407593,0.006627289112657309,-0.07443022727966309,1.1302812099456787,0.32145050168037415,1.5124106407165527,-30.959470748901367,0.1379593014717102,0.18057900667190552,0.042396631091833115,1.074486255645752,-32.997283935546875,0.1359330415725708,0.17737466096878052,0.04029093682765961,1.0199317932128906,-33.12950897216797
216,0.8999999761581421,0.1270788311958313,0.06993603706359863,0.007205192465335131,-0.021695494651794434,1.6160988807678223,0.3067084550857544,1.4478733539581299,-31.382509231567383,0.12632769346237183,0.3766663074493408,0.044288426637649536,1.0771915912628174,-32.944602966308594,0.14198970794677734,0.2365012764930725,0.03661123290657997,1.0097194910049438,-33.06995391845703
217,0.8999999761581421,0.13049036264419556,0.059701383113861084,0.004888908937573433,-0.043822646141052246,1.169866681098938,0.31188902258872986,1.4078316688537598,-31.212005615234375,0.13436830043792725,0.19127392768859863,0.041873231530189514,0.9928327202796936,-33.14046859741211,0.13175082206726074,0.24659574031829834,0.0446302630007267,1.028525471687317,-33.062862396240234
218,0.8999999761581421,0.13049036264419556,0.09125804901123047,0.005546038970351219,-0.04196882247924805,0.9366217851638794,0.27886855602264404,1.6142317056655884,-30.700489044189453,0.13617241382598877,0.1206088662147522,0.04185870662331581,1.0460498332977295,-33.03800582885742,0.13679832220077515,0.19924795627593994,0.04333101585507393,1.0426547527313232,-33.05579376220703
219,0.8999999761581421,0.1270788311958313,0.03923243284225464,0.004819002002477646,-0.02104318141937256,0.8796718716621399,0.26199960708618164,1.4972847700119019,-31.130197525024414,0.13074487447738647,0.13539576530456543,0.04029341787099838,0.951880693435669,-33.145790100097656,0.13720214366912842,0.1421748399734497,0.040577203035354614,0.9924941062927246,-33.09185791015625
220,1.2000000476837158,0.0886993408203125,0.07675909996032715,0.006948856636881828,-0.049529433250427246,1.2949033975601196,0.29733771085739136,1.6856262683868408,-29.797407150268555,0.14876574277877808,0.16406846046447754,0.043376192450523376,1.2481433153152466,-32.19982147216797,0.14637523889541626,0.1888941526412964,0.04241646081209183,1.2217748165130615,-32.34720993041992
221,1.2000000476837158,0.08784645795822144,0.1211087703704834,0.0069675142876803875,-0.04116511344909668,0.9465502500534058,0.30037981271743774,1.7539219856262207,-29.719160079956055,0.1297672986984253,0.16519320011138916,0.04546482115983963,1.2644472122192383,-32.23044967651367,0.1417078971862793,0.20417606830596924,0.04216893017292023,1.3006078004837036,-32.1281623840332
222,1.2000000476837158,0.0886993408203125,0.06140732765197754,0.00658069085329771,-0.051801204681396484,0.9694094061851501,0.29301348328590393,1.7637654542922974,-29.983671188354492,0.1446635127067566,0.3021833300590515,0.0468100868165493,1.2533916234970093,-32.21587371826172,0.14089226722717285,0.20094048976898193,0.04398464784026146,1.2041572332382202,-32.26935577392578
223,1.2000000476837158,0.08784645795822144,0.14413654804229736,0.00771320378407836,-0.08721184730529785,1.0330557823181152,0.32151204347610474,2.0411503314971924,-28.65488052368164,0.14259874820709229,0.2030065655708313,0.04533764347434044,1.213653564453125,-32.327693939208984,0.13520300388336182,0.36547911167144775,0.04450831189751625,1.1616493463516235,-32.38983917236328
224,1.2000000476837158,0.0886993408203125,0.1108742356300354,0.006725161336362362,-0.09196865558624268,1.3750256299972534,0.32267624139785767,1.7840628623962402,-30.21347999572754,0.14488917589187622,0.19677186012268066,0.0374375581741333,1.3063876628875732,-32.055023193359375,0.13133370876312256,0.245464026927948,0.05242554470896721,1.2669283151626587,-32.211090087890625
225,1.2000000476837158,0.08784645795822144,0.08699369430541992,0.006916242651641369,-0.06570053100585938,0.9955735206604004,0.29396960139274597,1.8986420631408691,-29.60287857055664,0.14076322317123413,0.1671057939529419,0.0417146161198616,1.3015663623809814,-32.18685531616211,0.13344860076904297,0.26389163732528687,0.04358026757836342,1.2717610597610474,-32.29555892944336
226,1.2000000476837158,0.08784645795822144,0.08187627792358398,0.007997489534318447,-0.052820801734924316,1.0479886531829834,0.30517640709877014,1.6880879402160645,-30.24730682373047,0.142314612865448,0.16291463375091553,0.04541604220867157,1.2125155925750732,-32.22877883911133,0.13718187808990479,0.3357470631599426,0.04242531210184097,1.1565757989883423,-32.339508056640625
227,1.2000000476837158,0.08784645795822144,0.08528786897659302,0.007801752537488937,-0.04947805404663086,1.308682918548584,0.3202967643737793,1.6066484451293945,-30.305139541625977,0.1431306004524231,0.33599764108657837,0.041688088327646255,1.2385433912277222,-32.14338684082031,0.1339678168296814,0.4793187379837036,0.046459801495075226,1.2345114946365356,-32.1461067199707
228,1.2000000476837158,0.08784645795822144,0.12622594833374023,0.007685227319598198,-0.1156003475189209,1.0292963981628418,0.31868451833724976,1.764689326286316,-29.943862915039062,0.13534200191497803,0.23051989078521729,0.046463824808597565,1.1318542957305908,-32.37501525878906,0.14142346382141113,0.14497816562652588,0.04716852307319641,1.133286952972412,-32.33329391479492
229,1.2000000476837158,0.08784645795822144,0.07334756851196289,0.00615657726302743,-0.012820124626159668,0.992966890335083,0.3305758237838745,1.837276816368103,-29.75344467163086,0.14222800731658936,0.28376466035842896,0.045059140771627426,1.1778230667114258,-32.27780532836914,0.13561022281646729,0.2555345892906189,0.05409281328320503,1.1696069240570068,-32.369544982910156
230,1.5,0.07505327463150024,0.06737750768661499,0.006217155605554581,-0.045806169509887695,1.1412795782089233,0.34325623512268066,1.9803341627120972,-28.16033935546875,0.13962829113006592,0.27290481328964233,0.0454803928732872,1.40245521068573,-31.170785903930664,0.14900833368301392,0.17030447721481323,0.047914259135723114,1.4240731000900269,-31.08034896850586
231,1.5,0.07590615749359131,0.07761186361312866,0.005340971518307924,-0.004216551780700684,1.2759076356887817,0.33321672677993774,2.132383346557617,-27.33338737487793,0.13766449689865112,0.15098661184310913,0.05003609135746956,1.4145160913467407,-31.143754959106445,0.14138686656951904,0.25699734687805176,0.04310622438788414,1.39922297000885,-31.160425186157227
232,1.5,0.07420039176940918,0.0648188591003418,0.0056765261106193066,-0.09669923782348633,1.0925467014312744,0.31906911730766296,1.8484275341033936,-28.650754928588867,0.14342087507247925,0.17174887657165527,0.044238630682229996,1.4081289768218994,-31.14444923400879,0.14169102907180786,0.2572375535964966,0.044898275285959244,1.3987879753112793,-31.224348068237305
233,1.5,0.06823021173477173,0.10405111312866211,0.00787164457142353,-0.046353816986083984,1.2971150875091553,0.3370654881000519,2.097730875015259,-27.63752555847168,0.1469472050666809,0.39471399784088135,0.049927372485399246,1.4322937726974487,-31.141098022460938,0.14149141311645508,0.3188175559043884,0.052122801542282104,1.4688022136688232,-31.007308959960938
234,1.5,0.07505327463150024,0.05628997087478638,0.0052011506631970406,-0.06556439399719238,1.1393917798995972,0.3283418118953705,1.8050769567489624,-29.171838760375977,0.13806533813476562,0.17049801349639893,0.04738142713904381,1.3419277667999268,-31.33547019958496,0.12762945890426636,0.355629026889801,0.04581233486533165,1.4206695556640625,-31.075031280517578
235,1.5,0.07590615749359131,0.0886993408203125,0.00805807113647461,-0.09836959838867188,1.0306363105773926,0.292163610458374,1.9372200965881348,-28.881855010986328,0.14537107944488525,0.4341657757759094,0.04826538637280464,1.4366694688796997,-31.201650619506836,0.1284557580947876,0.35048800706863403,0.04813138023018837,1.4251704216003418,-31.192138671875
236,1.5,0.07505327463150024,0.08443492650985718,0.0066832066513597965,-0.05200505256652832,1.124068260192871,0.3167431950569153,1.7464814186096191,-29.30522918701172,0.14574205875396729,0.22956883907318115,0.052277155220508575,1.422542929649353,-31.25914192199707,0.15455377101898193,0.32127177715301514,0.04821641743183136,1.4222815036773682,-31.230735778808594
237,1.5,0.07505327463150024,0.11428570747375488,0.005471461918205023,-0.13693654537200928,1.6060388088226318,0.3154316544532776,2.033236026763916,-28.782896041870117,0.1421973705291748,0.19811677932739258,0.04912639036774635,1.3743317127227783,-31.313751220703125,0.13679653406143188,0.345744788646698,0.048328597098588943,1.4577571153640747,-31.046072006225586
238,1.5,0.07505327463150024,0.06993609666824341,0.0065620229579508305,-0.07119417190551758,1.2216126918792725,0.2978880703449249,1.8396854400634766,-28.874221801757812,0.14221608638763428,0.48589766025543213,0.05638553202152252,1.4268850088119507,-31.087657928466797,0.15277254581451416,0.17977118492126465,0.045803725719451904,1.3794664144515991,-31.253944396972656
239,1.5,0.07505327463150024,0.04434967041015625,0.006235793698579073,-0.1527109146118164,2.4152541160583496,0.2668328583240509,2.0866198539733887,-27.973791122436523,0.13473200798034668,0.1760541796684265,0.05133628845214844,1.4428431987762451,-31.11688804626465,0.14459967613220215,0.3290404677391052,0.04688457027077675,1.401201605796814,-31.24400520324707
240,1.7999999523162842,0.03155648708343506,0.07164180278778076,0.009857043623924255,-0.04322934150695801,1.1834838390350342,0.32347941398620605,2.2849981784820557,-26.038604736328125,0.1300143003463745,0.39442986249923706,0.05498255416750908,1.6003068685531616,-30.051319122314453,0.1437671184539795,0.18437737226486206,0.047839272767305374,1.5564864873886108,-30.219871520996094
241,1.7999999523162842,0.023027658462524414,0.6021322011947632,0.02006361447274685,-0.11423540115356445,1.1929389238357544,0.32635498046875,2.2081077098846436,-27.77901840209961,0.13829350471496582,0.29465121030807495,0.05313041806221008,1.5657838582992554,-30.008142471313477,0.14459919929504395,0.16026818752288818,0.04598952457308769,1.5854134559631348,-29.820938110351562
242,1.7999999523162842,0.03496795892715454,0.0801706314086914,0.010905657894909382,-0.05880260467529297,1.217712640762329,0.326508104801178,2.3928022384643555,-25.63733673095703,0.14328891038894653,0.22290736436843872,0.055113937705755234,1.636374592781067,-29.83071517944336,0.14241361618041992,0.2718561291694641,0.055392179638147354,1.6252524852752686,-29.916650772094727
243,1.7999999523162842,0.0486140251159668,0.09722816944122314,0.011628036387264729,-0.05594444274902344,1.401010513305664,0.3380783200263977,2.016120195388794,-27.911710739135742,0.1469273567199707,0.6724433898925781,0.063778817653656,1.5716369152069092,-30.17852783203125,0.15385276079177856,0.18477338552474976,0.04712981358170509,1.6006741523742676,-30.12481117248535
244,1.7999999523162842,0.01705753803253174,0.1296374797821045,0.012042826972901821,-0.07562792301177979,1.101637363433838,0.3275056481361389,2.0684051513671875,-27.42927360534668,0.14693999290466309,0.4085240364074707,0.05532855540513992,1.5814718008041382,-30.01264190673828,0.13610529899597168,0.21193087100982666,0.05273478105664253,1.6243126392364502,-29.860504150390625
245,1.7999999523162842,0.024733424186706543,0.09637540578842163,0.009661293588578701,-0.15127921104431152,1.6607028245925903,0.3411140441894531,2.3051257133483887,-26.14605712890625,0.1449066400527954,0.22673827409744263,0.053025588393211365,1.5775730609893799,-30.09943389892578,0.14444571733474731,0.3421791195869446,0.05828932672739029,1.587639570236206,-30.073772430419922
246,1.7999999523162842,0.01705753803253174,0.12622594833374023,0.011297141201794147,-0.11533772945404053,1.3268253803253174,0.3268161416053772,1.9466352462768555,-28.500633239746094,0.1505308747291565,0.16703784465789795,0.050456687808036804,1.633277177810669,-29.91274642944336,0.14244812726974487,0.26190346479415894,0.05405716598033905,1.6372547149658203,-29.92203140258789
247,1.7999999523162842,0.02388054132461548,0.11940300464630127,0.010150652378797531,-0.13270795345306396,1.4508886337280273,0.3710380792617798,2.0683329105377197,-27.617982864379883,0.13455480337142944,0.31432032585144043,0.06109035760164261,1.6000897884368896,-30.1292667388916,0.13643598556518555,0.29814934730529785,0.06033064424991608,1.592795491218567,-30.15859031677246
248,1.7999999523162842,0.01705753803253174,0.12622594833374023,0.012378382496535778,-0.3276560306549072,1.3798307180404663,0.294490784406662,2.4414587020874023,-26.00934600830078,0.1536489725112915,0.39796775579452515,0.05850857496261597,1.6096771955490112,-29.948062896728516,0.13680529594421387,0.27756136655807495,0.06018295884132385,1.6699546575546265,-29.714921951293945
249,1.7999999523162842,0.02132195234298706,0.1722813844680786,0.013119414448738098,-0.15916872024536133,1.5773215293884277,0.35645046830177307,2.169842481613159,-27.541894912719727,0.15315687656402588,0.20186930894851685,0.04712555930018425,1.677445411682129,-29.743602752685547,0.1451939344406128,0.3040659427642822,0.053364548832178116,1.5801336765289307,-30.11824607849121
