,controller config,fot safety,fot comfort,fot mean comfort,BCxGAIL_nondet_ppo best_loss safety,BCxGAIL_nondet_ppo best_loss comfort,BCxGAIL_nondet_ppo best_loss mean comfort,BCxGAIL_nondet_ppo best_loss euclidean,BCxGAIL_nondet_ppo best_loss dtw,BCxGAIL_nondet_ppo best_eucl safety,BCxGAIL_nondet_ppo best_eucl comfort,BCxGAIL_nondet_ppo best_eucl mean comfort,BCxGAIL_nondet_ppo best_eucl euclidean,BCxGAIL_nondet_ppo best_eucl dtw,BCxGAIL_nondet_ppo best_dtw safety,BCxGAIL_nondet_ppo best_dtw comfort,BCxGAIL_nondet_ppo best_dtw mean comfort,BCxGAIL_nondet_ppo best_dtw euclidean,BCxGAIL_nondet_ppo best_dtw dtw
0,0.6000000238418579,0.1953091025352478,0.02132183313369751,0.004530045203864574,0.10787051916122437,0.13814765214920044,0.04274081811308861,0.5126346349716187,-33.551918029785156,0.19035714864730835,0.09155076742172241,0.029021061956882477,0.1682942807674408,-33.949581146240234,0.1922208070755005,0.06157243251800537,0.019355200231075287,0.14429254829883575,-33.959922790527344
1,0.6000000238418579,0.19872063398361206,0.030703604221343994,0.004166525788605213,0.15277719497680664,0.18885183334350586,0.04991783946752548,0.3068005442619324,-33.83689498901367,0.18597495555877686,0.09515416622161865,0.02609119936823845,0.19186435639858246,-33.94551467895508,0.18981581926345825,0.06997758150100708,0.022355474531650543,0.1384495198726654,-33.96250915527344
2,0.6000000238418579,0.19872063398361206,0.03411519527435303,0.004763071425259113,0.12214207649230957,0.13382983207702637,0.04385089874267578,0.47332897782325745,-33.61205291748047,0.19073599576950073,0.09594845771789551,0.02499500662088394,0.2566533386707306,-33.9229850769043,0.18704980611801147,0.0876341462135315,0.02083542011678219,0.18517428636550903,-33.93947982788086
3,0.6000000238418579,0.19701486825942993,0.051172614097595215,0.004054664634168148,0.12423920631408691,0.24400418996810913,0.0474737286567688,0.466215580701828,-33.624053955078125,0.19055801630020142,0.08791077136993408,0.02699388936161995,0.22606590390205383,-33.929908752441406,0.18365776538848877,0.09740471839904785,0.020116372033953667,0.15861113369464874,-33.946449279785156
4,0.6000000238418579,0.1944562792778015,0.03240936994552612,0.004707144573330879,0.11720365285873413,0.12307101488113403,0.04054422676563263,0.5421698093414307,-33.4966926574707,0.18736863136291504,0.09440600872039795,0.027680912986397743,0.18496540188789368,-33.9376335144043,0.18740803003311157,0.13520240783691406,0.02189771644771099,0.18994010984897614,-33.94024658203125
5,0.6000000238418579,0.1944562792778015,0.02046912908554077,0.0035000655334442854,0.0729990005493164,0.162256121635437,0.04918598011136055,0.6330883502960205,-33.35447692871094,0.19478416442871094,0.09204614162445068,0.027639096602797508,0.16692163050174713,-33.952701568603516,0.1880512237548828,0.08256000280380249,0.02219194918870926,0.19433477520942688,-33.94111633300781
6,0.6000000238418579,0.2004263997077942,0.032409489154815674,0.004297015722841024,0.17368292808532715,0.24842005968093872,0.044661395251750946,0.2328190952539444,-33.896663665771484,0.19162285327911377,0.10368704795837402,0.02850886806845665,0.21767543256282806,-33.93262481689453,0.18536388874053955,0.06776827573776245,0.020448794588446617,0.11825422942638397,-33.96428680419922
7,0.6000000238418579,0.19872063398361206,0.046055495738983154,0.004287689458578825,0.09996771812438965,0.1262006163597107,0.043001897633075714,0.6242663860321045,-33.33956527709961,0.19398105144500732,0.1353049874305725,0.025740956887602806,0.16463574767112732,-33.941287994384766,0.18738162517547607,0.09002810716629028,0.020884543657302856,0.14587461948394775,-33.95217514038086
8,0.6000000238418579,0.1944562792778015,0.02729213237762451,0.0039614601992070675,0.1722409725189209,0.1417655348777771,0.04199312999844551,0.2035461664199829,-33.9211311340332,0.17832887172698975,0.10733956098556519,0.02783825248479843,0.1808086633682251,-33.94914245605469,0.18813157081604004,0.06308025121688843,0.01838195137679577,0.12208951264619827,-33.96369934082031
9,0.6000000238418579,0.1944562792778015,0.023880600929260254,0.00418516481295228,0.10651767253875732,0.16490596532821655,0.04239258915185928,0.5495202541351318,-33.48866271972656,0.19465184211730957,0.09162372350692749,0.0293563362210989,0.25950831174850464,-33.91679382324219,0.18934762477874756,0.07936066389083862,0.02002151682972908,0.1859540194272995,-33.938575744628906
10,0.8999999761581421,0.12622594833374023,0.08102351427078247,0.00556934392079711,0.06848901510238647,0.16623085737228394,0.05034909397363663,0.389534056186676,-33.7047119140625,0.09671294689178467,0.09731394052505493,0.02507505752146244,0.3765752613544464,-33.81362533569336,0.10579484701156616,0.08640241622924805,0.02454753965139389,0.21630050241947174,-33.881893157958984
11,0.8999999761581421,0.13049036264419556,0.030703604221343994,0.0035233711823821068,0.06487804651260376,0.1470004916191101,0.04481847211718559,0.4496714174747467,-33.636863708496094,0.09810072183609009,0.09307068586349487,0.02367215044796467,0.36630162596702576,-33.81711196899414,0.10994809865951538,0.13605380058288574,0.02091425657272339,0.20743542909622192,-33.904300689697266
12,0.8999999761581421,0.1270788311958313,0.05629003047943115,0.004753752611577511,0.06283456087112427,0.16375482082366943,0.04536309093236923,0.44242751598358154,-33.64746856689453,0.09000051021575928,0.09650242328643799,0.03101716749370098,0.315719872713089,-33.84699249267578,0.10485154390335083,0.08149611949920654,0.0210092905908823,0.18736152350902557,-33.90522384643555
13,0.8999999761581421,0.13049036264419556,0.0486140251159668,0.005024060141295195,0.062180161476135254,0.17659151554107666,0.04339011758565903,0.40222927927970886,-33.69900131225586,0.10128802061080933,0.08472979068756104,0.02981714718043804,0.2413143813610077,-33.880348205566406,0.11041831970214844,0.07148659229278564,0.01919206976890564,0.15468589961528778,-33.91656494140625
14,0.8999999761581421,0.13049036264419556,0.07334762811660767,0.005452827084809542,0.07456028461456299,0.20433449745178223,0.041153810918331146,0.44648367166519165,-33.64108657836914,0.09978604316711426,0.08486044406890869,0.02465900406241417,0.31102433800697327,-33.85433578491211,0.10656857490539551,0.08800536394119263,0.019706685096025467,0.13193713128566742,-33.92509078979492
15,0.8999999761581421,0.1270788311958313,0.05629009008407593,0.006627289112657309,0.076191246509552,0.21020811796188354,0.044078439474105835,0.4238300323486328,-33.65589904785156,0.09741497039794922,0.12048131227493286,0.03217638283967972,0.3596213459968567,-33.828346252441406,0.11314696073532104,0.06931066513061523,0.023983730003237724,0.19574975967407227,-33.89786148071289
16,0.8999999761581421,0.1270788311958313,0.06993603706359863,0.007205192465335131,0.07137727737426758,0.16606205701828003,0.04444803670048714,0.44274622201919556,-33.641944885253906,0.09926831722259521,0.12131208181381226,0.0278900358825922,0.33159565925598145,-33.83987808227539,0.10417294502258301,0.06800323724746704,0.023489654064178467,0.17546698451042175,-33.9038200378418
17,0.8999999761581421,0.13049036264419556,0.059701383113861084,0.004888908937573433,0.07945871353149414,0.16630923748016357,0.04117123782634735,0.37844154238700867,-33.71409225463867,0.09763169288635254,0.10336166620254517,0.026772135868668556,0.31395137310028076,-33.850120544433594,0.09993445873260498,0.08142256736755371,0.023830579593777657,0.20634059607982635,-33.896018981933594
18,0.8999999761581421,0.13049036264419556,0.09125804901123047,0.005546038970351219,0.07442730665206909,0.17781388759613037,0.04071547091007233,0.4844088554382324,-33.61396789550781,0.10055649280548096,0.10416567325592041,0.026398412883281708,0.33672139048576355,-33.84136962890625,0.1079147458076477,0.07421135902404785,0.02199738286435604,0.1654091626405716,-33.90400695800781
19,0.8999999761581421,0.1270788311958313,0.03923243284225464,0.004819002002477646,0.07210808992385864,0.15160727500915527,0.04327549785375595,0.43429887294769287,-33.65497970581055,0.11052775382995605,0.14438015222549438,0.028408711776137352,0.27015000581741333,-33.865604400634766,0.10590344667434692,0.09907978773117065,0.02216140553355217,0.22206535935401917,-33.8914680480957
20,1.2000000476837158,0.0886993408203125,0.07675909996032715,0.006948856636881828,0.0673561692237854,0.11816990375518799,0.03938036039471626,0.32468023896217346,-33.794063568115234,0.06956356763839722,0.11214405298233032,0.026227325201034546,0.36961543560028076,-33.82402801513672,0.08653736114501953,0.07349389791488647,0.02345447614789009,0.20443622767925262,-33.89067459106445
21,1.2000000476837158,0.08784645795822144,0.1211087703704834,0.0069675142876803875,0.05927830934524536,0.17239058017730713,0.04338187724351883,0.2978893220424652,-33.805137634277344,0.06956881284713745,0.0953490138053894,0.02751617319881916,0.2831222414970398,-33.85242462158203,0.07833302021026611,0.07192033529281616,0.0218526478856802,0.2671942710876465,-33.86735153198242
22,1.2000000476837158,0.0886993408203125,0.06140732765197754,0.00658069085329771,0.06145358085632324,0.15605461597442627,0.04440421238541603,0.29710742831230164,-33.806640625,0.0668191909790039,0.07909524440765381,0.025310590863227844,0.3333204388618469,-33.839107513427734,0.07810300588607788,0.07919126749038696,0.023290498182177544,0.19186359643936157,-33.89187240600586
23,1.2000000476837158,0.08784645795822144,0.14413654804229736,0.00771320378407836,0.06277137994766235,0.1870463490486145,0.046162303537130356,0.30788376927375793,-33.79168701171875,0.06813830137252808,0.10107958316802979,0.028633520007133484,0.3209860920906067,-33.81441879272461,0.0769689679145813,0.09355753660202026,0.026555025950074196,0.22528788447380066,-33.86647415161133
24,1.2000000476837158,0.0886993408203125,0.1108742356300354,0.006725161336362362,0.06390893459320068,0.20562893152236938,0.04847516119480133,0.2990250885486603,-33.80525588989258,0.07073622941970825,0.08710020780563354,0.02421828731894493,0.3269457221031189,-33.829044342041016,0.08103883266448975,0.08219647407531738,0.021706195548176765,0.18460671603679657,-33.890663146972656
25,1.2000000476837158,0.08784645795822144,0.08699369430541992,0.006916242651641369,0.06244748830795288,0.16167569160461426,0.04488847032189369,0.3076273500919342,-33.792640686035156,0.07541173696517944,0.08428412675857544,0.026527347043156624,0.3203362226486206,-33.84843063354492,0.07707566022872925,0.10815978050231934,0.023066425696015358,0.18155692517757416,-33.882652282714844
26,1.2000000476837158,0.08784645795822144,0.08187627792358398,0.007997489534318447,0.062360942363739014,0.2864125967025757,0.05211059749126434,0.2573400139808655,-33.83412170410156,0.06660813093185425,0.09843283891677856,0.023258443921804428,0.24296456575393677,-33.87174606323242,0.06709671020507812,0.08187377452850342,0.026891089975833893,0.1783476024866104,-33.889503479003906
27,1.2000000476837158,0.08784645795822144,0.08528786897659302,0.007801752537488937,0.06322968006134033,0.1747584044933319,0.04849444702267647,0.34182682633399963,-33.78616714477539,0.07314848899841309,0.10085892677307129,0.029048459604382515,0.26339206099510193,-33.857177734375,0.07880949974060059,0.0833057165145874,0.022520815953612328,0.1681165248155594,-33.88838195800781
28,1.2000000476837158,0.08784645795822144,0.12622594833374023,0.007685227319598198,0.057684898376464844,0.1622658371925354,0.046407364308834076,0.38016563653945923,-33.780887603759766,0.06204855442047119,0.10682088136672974,0.029055271297693253,0.31631413102149963,-33.819087982177734,0.08293479681015015,0.06728577613830566,0.020858721807599068,0.22749117016792297,-33.887630462646484
29,1.2000000476837158,0.08784645795822144,0.07334756851196289,0.00615657726302743,0.0641629695892334,0.1506708264350891,0.04357249289751053,0.24970588088035583,-33.84487533569336,0.06718063354492188,0.07827794551849365,0.025958586484193802,0.294312983751297,-33.847312927246094,0.08398467302322388,0.07570874691009521,0.023328743875026703,0.13888971507549286,-33.91022491455078
30,1.5,0.07505327463150024,0.06737750768661499,0.006217155605554581,0.05384272336959839,0.20639961957931519,0.0431075356900692,0.40438607335090637,-33.801517486572266,0.05700415372848511,0.08890187740325928,0.02475997991859913,0.34993883967399597,-33.851776123046875,0.05801594257354736,0.07569193840026855,0.02420598827302456,0.2116178572177887,-33.882076263427734
31,1.5,0.07590615749359131,0.07761186361312866,0.005340971518307924,0.04729574918746948,0.1679094433784485,0.044978972524404526,0.2328455150127411,-33.847900390625,0.05338704586029053,0.08026498556137085,0.026916513219475746,0.3470984697341919,-33.84349060058594,0.06121706962585449,0.0769314169883728,0.025916989892721176,0.2465701401233673,-33.88389587402344
32,1.5,0.07420039176940918,0.0648188591003418,0.0056765261106193066,0.049651265144348145,0.21850156784057617,0.049105819314718246,0.2378736287355423,-33.85327911376953,0.05945855379104614,0.09598702192306519,0.027021875604987144,0.16720645129680634,-33.89027786254883,0.06392985582351685,0.09098786115646362,0.02427065558731556,0.1780785322189331,-33.89240646362305
33,1.5,0.06823021173477173,0.10405111312866211,0.00787164457142353,0.05131131410598755,0.21190422773361206,0.05075131356716156,0.32749730348587036,-33.80523681640625,0.057355523109436035,0.07793790102005005,0.025095146149396896,0.27353718876838684,-33.86028289794922,0.061990976333618164,0.10370558500289917,0.02377653867006302,0.19975143671035767,-33.87806701660156
34,1.5,0.07505327463150024,0.05628997087478638,0.0052011506631970406,0.055400848388671875,0.1802169382572174,0.046457141637802124,0.24189722537994385,-33.859840393066406,0.05830901861190796,0.1178932785987854,0.026842789724469185,0.26325029134750366,-33.8770751953125,0.05820542573928833,0.07331192493438721,0.021416036412119865,0.16943447291851044,-33.90196228027344
35,1.5,0.07590615749359131,0.0886993408203125,0.00805807113647461,0.047395944595336914,0.16446685791015625,0.04375457763671875,0.2265588790178299,-33.855224609375,0.053837478160858154,0.12124854326248169,0.027157656848430634,0.29340285062789917,-33.867671966552734,0.05809074640274048,0.10084277391433716,0.02469254471361637,0.2071557641029358,-33.88752746582031
36,1.5,0.07505327463150024,0.08443492650985718,0.0066832066513597965,0.054733216762542725,0.15625131130218506,0.04280776157975197,0.28618064522743225,-33.83900833129883,0.05507761240005493,0.10023266077041626,0.028236033394932747,0.2893374264240265,-33.85481643676758,0.05772286653518677,0.07937902212142944,0.024215221405029297,0.22836926579475403,-33.87409210205078
37,1.5,0.07505327463150024,0.11428570747375488,0.005471461918205023,0.03838413953781128,0.2431197166442871,0.04734586551785469,0.2487276792526245,-33.8560905456543,0.0559614896774292,0.10807812213897705,0.027487795799970627,0.30587708950042725,-33.858238220214844,0.06519836187362671,0.07638442516326904,0.023441486060619354,0.16934746503829956,-33.89781188964844
38,1.5,0.07505327463150024,0.06993609666824341,0.0065620229579508305,0.0501248836517334,0.17678499221801758,0.04848301410675049,0.26358094811439514,-33.829368591308594,0.052159011363983154,0.09552770853042603,0.027425311505794525,0.3049880266189575,-33.858150482177734,0.05531036853790283,0.08256030082702637,0.02296026051044464,0.23959267139434814,-33.87211227416992
39,1.5,0.07505327463150024,0.04434967041015625,0.006235793698579073,0.05563461780548096,0.13695472478866577,0.04093850776553154,0.4048684239387512,-33.819725036621094,0.05998414754867554,0.08549576997756958,0.02373209036886692,0.2121088057756424,-33.885921478271484,0.057171523571014404,0.07774758338928223,0.024625321850180626,0.2378299981355667,-33.88108444213867
40,1.7999999523162842,0.03155648708343506,0.07164180278778076,0.009857043623924255,0.052175700664520264,0.1752118468284607,0.04497704654932022,0.2767805755138397,-33.7933235168457,0.0533519983291626,0.08312046527862549,0.026147833094000816,0.3562224507331848,-33.83115005493164,0.04904460906982422,0.0834009051322937,0.026359792798757553,0.353320449590683,-33.832862854003906
41,1.7999999523162842,0.023027658462524414,0.6021322011947632,0.02006361447274685,0.0466727614402771,0.16218972206115723,0.042772699147462845,0.5905952453613281,-33.424766540527344,0.0454983115196228,0.10625410079956055,0.02777976542711258,0.6454664468765259,-33.392311096191406,0.043552935123443604,0.08031600713729858,0.0258925911039114,0.6147744655609131,-33.40887451171875
42,1.7999999523162842,0.03496795892715454,0.0801706314086914,0.010905657894909382,0.049336135387420654,0.19661486148834229,0.0449393205344677,0.3111874461174011,-33.7926025390625,0.04140472412109375,0.0980033278465271,0.027757130563259125,0.2869986593723297,-33.8426628112793,0.04430651664733887,0.09314590692520142,0.02549263834953308,0.26779845356941223,-33.852378845214844
43,1.7999999523162842,0.0486140251159668,0.09722816944122314,0.011628036387264729,0.04991728067398071,0.1723613142967224,0.04853566363453865,0.3132185935974121,-33.79347229003906,0.05098444223403931,0.09340465068817139,0.02720838412642479,0.3033325672149658,-33.8429069519043,0.04196375608444214,0.12204307317733765,0.03391546010971069,0.3132804334163666,-33.82804489135742
44,1.7999999523162842,0.01705753803253174,0.1296374797821045,0.012042826972901821,0.04983389377593994,0.13092535734176636,0.04205811023712158,0.31667691469192505,-33.79001235961914,0.05134528875350952,0.0768442153930664,0.024946175515651703,0.27019643783569336,-33.83449935913086,0.04792046546936035,0.09964483976364136,0.02413313463330269,0.2664857506752014,-33.84518814086914
45,1.7999999523162842,0.024733424186706543,0.09637540578842163,0.009661293588578701,0.04863053560256958,0.14859545230865479,0.041126854717731476,0.4181080162525177,-33.7686767578125,0.04935884475708008,0.09079486131668091,0.0260959193110466,0.3725135922431946,-33.810325622558594,0.041143953800201416,0.08901679515838623,0.026274243369698524,0.3289947211742401,-33.826171875
46,1.7999999523162842,0.01705753803253174,0.12622594833374023,0.011297141201794147,0.049775540828704834,0.16135919094085693,0.046903952956199646,0.36781975626945496,-33.754852294921875,0.05688166618347168,0.13031035661697388,0.029511434957385063,0.3640974164009094,-33.794944763183594,0.04680401086807251,0.09824419021606445,0.02425025962293148,0.3410297930240631,-33.786964416503906
47,1.7999999523162842,0.02388054132461548,0.11940300464630127,0.010150652378797531,0.04557061195373535,0.2133040428161621,0.043379046022892,0.261173278093338,-33.80767059326172,0.04767143726348877,0.09848088026046753,0.03359880670905113,0.2900475859642029,-33.840423583984375,0.050687968730926514,0.0763624906539917,0.02504195272922516,0.24478597939014435,-33.85084533691406
48,1.7999999523162842,0.01705753803253174,0.12622594833374023,0.012378382496535778,0.04666966199874878,0.15374863147735596,0.04413904622197151,0.2706393301486969,-33.810401916503906,0.051208674907684326,0.09333348274230957,0.024455476552248,0.25828713178634644,-33.833621978759766,0.04998558759689331,0.09042274951934814,0.022056542336940765,0.27269065380096436,-33.840553283691406
49,1.7999999523162842,0.02132195234298706,0.1722813844680786,0.013119414448738098,0.04226726293563843,0.21001803874969482,0.050168585032224655,0.3219684958457947,-33.773109436035156,0.04874253273010254,0.09739255905151367,0.03127444535493851,0.2514096796512604,-33.82454299926758,0.043701767921447754,0.12308603525161743,0.027911672368645668,0.29042747616767883,-33.82024383544922
50,0.6000000238418579,0.1953091025352478,0.02132183313369751,0.004530045203864574,0.08175772428512573,0.17803865671157837,0.04611552134156227,0.7675178050994873,-33.0168571472168,0.18689346313476562,0.09499043226242065,0.026411112397909164,0.1548391878604889,-33.95317840576172,0.1906728744506836,0.08381915092468262,0.01965288072824478,0.11209551990032196,-33.96821212768555
51,0.6000000238418579,0.19872063398361206,0.030703604221343994,0.004166525788605213,0.09509801864624023,0.1352853775024414,0.043399564921855927,0.6110251545906067,-33.38939666748047,0.19297492504119873,0.08402210474014282,0.025062737986445427,0.169622004032135,-33.94739532470703,0.19020938873291016,0.07201874256134033,0.020693935453891754,0.14368711411952972,-33.957794189453125
52,0.6000000238418579,0.19872063398361206,0.03411519527435303,0.004763071425259113,0.12163138389587402,0.13605213165283203,0.04069463908672333,0.4874875247478485,-33.59263229370117,0.18884426355361938,0.09917157888412476,0.025744354352355003,0.16957122087478638,-33.95241928100586,0.19364053010940552,0.1071062684059143,0.020862698554992676,0.20587176084518433,-33.933780670166016
53,0.6000000238418579,0.19701486825942993,0.051172614097595215,0.004054664634168148,0.1218293309211731,0.1653200387954712,0.04341178387403488,0.4053250253200531,-33.72156524658203,0.1862274408340454,0.08656549453735352,0.025721047073602676,0.22526496648788452,-33.92444610595703,0.1915413737297058,0.09920316934585571,0.020996898412704468,0.1544799953699112,-33.94982147216797
54,0.6000000238418579,0.1944562792778015,0.03240936994552612,0.004707144573330879,0.10501337051391602,0.13900625705718994,0.04035140946507454,0.5454459190368652,-33.48558807373047,0.19458812475204468,0.07784450054168701,0.021266309544444084,0.2163100391626358,-33.93412399291992,0.17687392234802246,0.13615715503692627,0.024101821705698967,0.16935886442661285,-33.94224166870117
55,0.6000000238418579,0.1944562792778015,0.02046912908554077,0.0035000655334442854,0.1652430295944214,0.13088756799697876,0.03956609591841698,0.22516986727714539,-33.90345764160156,0.19089651107788086,0.08511859178543091,0.024179337546229362,0.14912515878677368,-33.95615768432617,0.19636601209640503,0.11275756359100342,0.018139081075787544,0.1267111748456955,-33.963653564453125
56,0.6000000238418579,0.2004263997077942,0.032409489154815674,0.004297015722841024,0.09296619892120361,0.15099990367889404,0.04055134579539299,0.6638848781585693,-33.25874710083008,0.17967337369918823,0.08368611335754395,0.02587730810046196,0.18960629403591156,-33.943580627441406,0.18513935804367065,0.09452825784683228,0.021714206784963608,0.13170628249645233,-33.95923614501953
57,0.6000000238418579,0.19872063398361206,0.046055495738983154,0.004287689458578825,0.11927944421768188,0.2050754427909851,0.04930692911148071,0.5721734166145325,-33.461402893066406,0.19276398420333862,0.11449539661407471,0.026352623477578163,0.2377910017967224,-33.91659164428711,0.19525039196014404,0.08595919609069824,0.019749432802200317,0.1471017450094223,-33.96063232421875
58,0.6000000238418579,0.1944562792778015,0.02729213237762451,0.0039614601992070675,0.10248684883117676,0.20742547512054443,0.05189952626824379,0.7505068778991699,-33.09394454956055,0.17767423391342163,0.10153055191040039,0.02652088552713394,0.1243656650185585,-33.96110916137695,0.18379706144332886,0.07260960340499878,0.02269507199525833,0.12293561547994614,-33.9635009765625
59,0.6000000238418579,0.1944562792778015,0.023880600929260254,0.00418516481295228,0.15066933631896973,0.17313152551651,0.045515041798353195,0.3157009482383728,-33.84625244140625,0.1860523223876953,0.09240454435348511,0.02876528725028038,0.18325063586235046,-33.94760513305664,0.18477141857147217,0.06306678056716919,0.018387310206890106,0.14913378655910492,-33.95229721069336
60,0.8999999761581421,0.12622594833374023,0.08102351427078247,0.00556934392079711,0.08102035522460938,0.15208804607391357,0.046372126787900925,0.45438066124916077,-33.62550735473633,0.08608347177505493,0.1307375431060791,0.026818139478564262,0.3314758241176605,-33.81675338745117,0.1072034239768982,0.06956297159194946,0.020906521007418633,0.19841432571411133,-33.89405059814453
61,0.8999999761581421,0.13049036264419556,0.030703604221343994,0.0035233711823821068,0.07769310474395752,0.17934396862983704,0.044466886669397354,0.4513269066810608,-33.66351318359375,0.09938126802444458,0.10313284397125244,0.028254309669137,0.3358730673789978,-33.8309211730957,0.11250704526901245,0.1151077151298523,0.023531662300229073,0.17001645267009735,-33.90819549560547
62,0.8999999761581421,0.1270788311958313,0.05629003047943115,0.004753752611577511,0.07562106847763062,0.1741938591003418,0.04396567866206169,0.4034841060638428,-33.68782043457031,0.09781169891357422,0.12094473838806152,0.028938179835677147,0.27369940280914307,-33.851844787597656,0.10861492156982422,0.09650778770446777,0.02059069089591503,0.18166163563728333,-33.905765533447266
63,0.8999999761581421,0.13049036264419556,0.0486140251159668,0.005024060141295195,0.06197232007980347,0.18692922592163086,0.0472581572830677,0.4436317980289459,-33.626808166503906,0.09301167726516724,0.09771305322647095,0.03133643418550491,0.30865779519081116,-33.82711410522461,0.11853837966918945,0.07220566272735596,0.01974685862660408,0.17089220881462097,-33.91687774658203
64,0.8999999761581421,0.13049036264419556,0.07334762811660767,0.005452827084809542,0.07537424564361572,0.14218950271606445,0.045021869242191315,0.4248877763748169,-33.6522102355957,0.1078307032585144,0.08388885855674744,0.02504814602434635,0.27868273854255676,-33.87852478027344,0.10798543691635132,0.06565207242965698,0.0194680318236351,0.15500766038894653,-33.91569137573242
65,0.8999999761581421,0.1270788311958313,0.05629009008407593,0.006627289112657309,0.08341002464294434,0.13396334648132324,0.041291892528533936,0.453923761844635,-33.69219207763672,0.10448068380355835,0.08651000261306763,0.022629231214523315,0.3012791872024536,-33.867427825927734,0.10175549983978271,0.0851294994354248,0.02302609570324421,0.21295727789402008,-33.88835144042969
66,0.8999999761581421,0.1270788311958313,0.06993603706359863,0.007205192465335131,0.07428377866744995,0.2321324348449707,0.0521271638572216,0.3955066502094269,-33.69561004638672,0.09626519680023193,0.08522248268127441,0.02486106939613819,0.306334912776947,-33.84608840942383,0.10764718055725098,0.06197279691696167,0.022293103858828545,0.18594712018966675,-33.89536666870117
67,0.8999999761581421,0.13049036264419556,0.059701383113861084,0.004888908937573433,0.07073134183883667,0.15415102243423462,0.04569230601191521,0.422699898481369,-33.662925720214844,0.1019136905670166,0.09951364994049072,0.026158692315220833,0.33040717244148254,-33.84557342529297,0.11135506629943848,0.06083083152770996,0.021282479166984558,0.17666897177696228,-33.90946578979492
68,0.8999999761581421,0.13049036264419556,0.09125804901123047,0.005546038970351219,0.07876473665237427,0.16805899143218994,0.04616451635956764,0.42021724581718445,-33.66798782348633,0.09957510232925415,0.10686671733856201,0.028594352304935455,0.3481040298938751,-33.834285736083984,0.10998278856277466,0.06879031658172607,0.02258366160094738,0.17422549426555634,-33.90110778808594
69,0.8999999761581421,0.1270788311958313,0.03923243284225464,0.004819002002477646,0.07464390993118286,0.18449163436889648,0.0462227389216423,0.4032444953918457,-33.67985916137695,0.09410202503204346,0.08301800489425659,0.026827488094568253,0.29548710584640503,-33.84379577636719,0.09821414947509766,0.07655847072601318,0.021464115008711815,0.1593727320432663,-33.91164779663086
70,1.2000000476837158,0.0886993408203125,0.07675909996032715,0.006948856636881828,0.05603295564651489,0.14480704069137573,0.04427574202418327,0.30209314823150635,-33.805728912353516,0.07940787076950073,0.08276134729385376,0.027258601039648056,0.2936640977859497,-33.85508728027344,0.07831984758377075,0.09245496988296509,0.023818625137209892,0.2065640091896057,-33.87629699707031
71,1.2000000476837158,0.08784645795822144,0.1211087703704834,0.0069675142876803875,0.05963081121444702,0.14771723747253418,0.04298935830593109,0.3112567365169525,-33.7868537902832,0.07380378246307373,0.1196947693824768,0.030108481645584106,0.2632455825805664,-33.8485107421875,0.07525593042373657,0.07819128036499023,0.021178796887397766,0.21331456303596497,-33.869712829589844
72,1.2000000476837158,0.0886993408203125,0.06140732765197754,0.00658069085329771,0.05697524547576904,0.22680628299713135,0.04314981773495674,0.33319520950317383,-33.76515579223633,0.06415784358978271,0.0999111533164978,0.027333732694387436,0.4206075072288513,-33.817081451416016,0.08540374040603638,0.07054746150970459,0.02158515900373459,0.21174421906471252,-33.89362716674805
73,1.2000000476837158,0.08784645795822144,0.14413654804229736,0.00771320378407836,0.06050240993499756,0.1409904956817627,0.04788178205490112,0.3214736878871918,-33.76906204223633,0.06867462396621704,0.11219584941864014,0.03336912766098976,0.2642683982849121,-33.828941345214844,0.0836033821105957,0.07734394073486328,0.02022607810795307,0.21729251742362976,-33.87316131591797
74,1.2000000476837158,0.0886993408203125,0.1108742356300354,0.006725161336362362,0.06082528829574585,0.1829136610031128,0.05021633580327034,0.3325243890285492,-33.784912109375,0.06315821409225464,0.0956733226776123,0.024556195363402367,0.3832415044307709,-33.819549560546875,0.08211874961853027,0.07965624332427979,0.022558409720659256,0.17293353378772736,-33.88776779174805
75,1.2000000476837158,0.08784645795822144,0.08699369430541992,0.006916242651641369,0.06324410438537598,0.11960691213607788,0.03997179865837097,0.36565685272216797,-33.785057067871094,0.0709877610206604,0.08880758285522461,0.02832578867673874,0.3059636652469635,-33.8300895690918,0.08432823419570923,0.07998448610305786,0.022145656868815422,0.17247934639453888,-33.890926361083984
76,1.2000000476837158,0.08784645795822144,0.08187627792358398,0.007997489534318447,0.054068148136138916,0.14166641235351562,0.042176418006420135,0.2827286422252655,-33.8172721862793,0.06859177350997925,0.10008984804153442,0.03422073274850845,0.27145540714263916,-33.85738754272461,0.07119870185852051,0.08979952335357666,0.025368621572852135,0.18706825375556946,-33.887786865234375
77,1.2000000476837158,0.08784645795822144,0.08528786897659302,0.007801752537488937,0.048507094383239746,0.18089789152145386,0.04790298268198967,0.3195575475692749,-33.78744125366211,0.07837831974029541,0.09272563457489014,0.025143541395664215,0.27324178814888,-33.859867095947266,0.07962441444396973,0.06772077083587646,0.024166934192180634,0.1853325217962265,-33.88614273071289
78,1.2000000476837158,0.08784645795822144,0.12622594833374023,0.007685227319598198,0.06243973970413208,0.164750337600708,0.042210303246974945,0.2843572497367859,-33.8271484375,0.0675438642501831,0.11056923866271973,0.027689505368471146,0.3425915837287903,-33.83666229248047,0.07549440860748291,0.08521074056625366,0.021257253363728523,0.24975471198558807,-33.880924224853516
79,1.2000000476837158,0.08784645795822144,0.07334756851196289,0.00615657726302743,0.06188994646072388,0.15854370594024658,0.045081522315740585,0.29469048976898193,-33.816627502441406,0.06890183687210083,0.11953318119049072,0.026461604982614517,0.2745349705219269,-33.85380554199219,0.07684946060180664,0.08665597438812256,0.02170714922249317,0.17075255513191223,-33.89570617675781
80,1.5,0.07505327463150024,0.06737750768661499,0.006217155605554581,0.056006789207458496,0.15926891565322876,0.04283523932099342,0.2382112294435501,-33.843570709228516,0.061186909675598145,0.1161048412322998,0.027909694239497185,0.310236394405365,-33.86866760253906,0.058141112327575684,0.0867922306060791,0.02349533699452877,0.22965940833091736,-33.88104248046875
81,1.5,0.07590615749359131,0.07761186361312866,0.005340971518307924,0.05811208486557007,0.17357170581817627,0.039341963827610016,0.220070481300354,-33.857391357421875,0.04848802089691162,0.07983195781707764,0.02695440500974655,0.2647400200366974,-33.86801528930664,0.05344599485397339,0.0743747353553772,0.0271731149405241,0.17462541162967682,-33.8874397277832
82,1.5,0.07420039176940918,0.0648188591003418,0.0056765261106193066,0.057070374488830566,0.15856057405471802,0.042483944445848465,0.22320353984832764,-33.862632751464844,0.05533885955810547,0.1183505654335022,0.031323205679655075,0.21362614631652832,-33.879981994628906,0.0671730637550354,0.06522488594055176,0.020002687349915504,0.14620693027973175,-33.90143966674805
83,1.5,0.06823021173477173,0.10405111312866211,0.00787164457142353,0.04488992691040039,0.13600271940231323,0.04766124486923218,0.25473278760910034,-33.83561706542969,0.057713449001312256,0.10450547933578491,0.026618098840117455,0.22571806609630585,-33.867977142333984,0.06722867488861084,0.08960181474685669,0.022160707041621208,0.19848214089870453,-33.8790168762207
84,1.5,0.07505327463150024,0.05628997087478638,0.0052011506631970406,0.04402637481689453,0.23094868659973145,0.050288815051317215,0.2027234435081482,-33.86332702636719,0.0596122145652771,0.09247207641601562,0.02943214401602745,0.227788507938385,-33.8801383972168,0.05120229721069336,0.11917781829833984,0.029085388407111168,0.24001431465148926,-33.88674545288086
85,1.5,0.07590615749359131,0.0886993408203125,0.00805807113647461,0.05143773555755615,0.16479182243347168,0.04466663673520088,0.25016555190086365,-33.84603500366211,0.060934603214263916,0.07834643125534058,0.024711277335882187,0.19235444068908691,-33.885833740234375,0.04344671964645386,0.07648545503616333,0.025370214134454727,0.20575125515460968,-33.88473892211914
86,1.5,0.07505327463150024,0.08443492650985718,0.0066832066513597965,0.052803993225097656,0.1603139042854309,0.0466017983853817,0.23037253320217133,-33.85093688964844,0.06181401014328003,0.09200644493103027,0.029489677399396896,0.23553353548049927,-33.86384201049805,0.0646435022354126,0.09136331081390381,0.021302947774529457,0.215204656124115,-33.87504577636719
87,1.5,0.07505327463150024,0.11428570747375488,0.005471461918205023,0.056418418884277344,0.1379123330116272,0.03603244200348854,0.2730429470539093,-33.85377883911133,0.05943542718887329,0.09177893400192261,0.026490939781069756,0.3073577284812927,-33.86496353149414,0.0581589937210083,0.09325516223907471,0.025368189439177513,0.21134774386882782,-33.89199447631836
88,1.5,0.07505327463150024,0.06993609666824341,0.0065620229579508305,0.048405587673187256,0.1870119571685791,0.04422866180539131,0.22385382652282715,-33.8568229675293,0.05321860313415527,0.12062829732894897,0.028852619230747223,0.30865365266799927,-33.85880661010742,0.06293749809265137,0.10556495189666748,0.025115616619586945,0.22675181925296783,-33.87470626831055
89,1.5,0.07505327463150024,0.04434967041015625,0.006235793698579073,0.052554547786712646,0.1745653748512268,0.03779538720846176,0.2084849774837494,-33.86764144897461,0.05884653329849243,0.09876269102096558,0.02922750823199749,0.2820042371749878,-33.86252975463867,0.05526387691497803,0.10730081796646118,0.024199122563004494,0.2378270924091339,-33.885337829589844
90,1.7999999523162842,0.03155648708343506,0.07164180278778076,0.009857043623924255,0.04509860277175903,0.21837466955184937,0.050683729350566864,0.2645350694656372,-33.809268951416016,0.05055081844329834,0.07076609134674072,0.02779604308307171,0.373318076133728,-33.821983337402344,0.047368526458740234,0.1197894811630249,0.02879982255399227,0.34105923771858215,-33.83750534057617
91,1.7999999523162842,0.023027658462524414,0.6021322011947632,0.02006361447274685,0.05146050453186035,0.18772906064987183,0.0436537079513073,0.6085526347160339,-33.3923454284668,0.04839223623275757,0.10135650634765625,0.028779830783605576,0.6649972796440125,-33.370079040527344,0.05105668306350708,0.0697789192199707,0.02453862503170967,0.6156177520751953,-33.40792465209961
92,1.7999999523162842,0.03496795892715454,0.0801706314086914,0.010905657894909382,0.045730650424957275,0.19500833749771118,0.04216161370277405,0.28707578778266907,-33.80583572387695,0.049529075622558594,0.08939969539642334,0.02407669648528099,0.2642631232738495,-33.840335845947266,0.04009044170379639,0.1388065218925476,0.028054580092430115,0.2841770648956299,-33.8462028503418
93,1.7999999523162842,0.0486140251159668,0.09722816944122314,0.011628036387264729,0.045591652393341064,0.13303691148757935,0.03719951957464218,0.2876136600971222,-33.802284240722656,0.04661482572555542,0.09761977195739746,0.03252987563610077,0.31150758266448975,-33.83313751220703,0.044476449489593506,0.0890241265296936,0.02591235190629959,0.2982868552207947,-33.841896057128906
94,1.7999999523162842,0.01705753803253174,0.1296374797821045,0.012042826972901821,0.03708624839782715,0.1745913028717041,0.03981516510248184,0.28757694363594055,-33.79636764526367,0.047833263874053955,0.09058725833892822,0.026240259408950806,0.3119823634624481,-33.831024169921875,0.036967575550079346,0.10676681995391846,0.028994353488087654,0.2596138119697571,-33.83642578125
95,1.7999999523162842,0.024733424186706543,0.09637540578842163,0.009661293588578701,0.05131947994232178,0.17205721139907837,0.0390322171151638,0.3100253939628601,-33.77701187133789,0.05041557550430298,0.12207382917404175,0.023701688274741173,0.3182421922683716,-33.827880859375,0.04543733596801758,0.0881505012512207,0.02349225990474224,0.33004647493362427,-33.83135223388672
96,1.7999999523162842,0.01705753803253174,0.12622594833374023,0.011297141201794147,0.05094796419143677,0.14309513568878174,0.03899390622973442,0.3901921808719635,-33.74433898925781,0.05239015817642212,0.08623993396759033,0.0269031822681427,0.2720016837120056,-33.81380081176758,0.04557293653488159,0.09246480464935303,0.026846444234251976,0.2752111852169037,-33.81590270996094
97,1.7999999523162842,0.02388054132461548,0.11940300464630127,0.010150652378797531,0.05608260631561279,0.17348980903625488,0.04197528213262558,0.31832677125930786,-33.787315368652344,0.04948735237121582,0.10242563486099243,0.02979172207415104,0.3727658987045288,-33.81570053100586,0.044093191623687744,0.0855797529220581,0.029533490538597107,0.2625783681869507,-33.84821319580078
98,1.7999999523162842,0.01705753803253174,0.12622594833374023,0.012378382496535778,0.0322268009185791,0.18549638986587524,0.04985921084880829,0.27740925550460815,-33.79499435424805,0.02888888120651245,0.1135479211807251,0.03098297119140625,0.26003849506378174,-33.832176208496094,0.04805958271026611,0.1064332127571106,0.028725003823637962,0.21454070508480072,-33.849525451660156
99,1.7999999523162842,0.02132195234298706,0.1722813844680786,0.013119414448738098,0.04705393314361572,0.1551046371459961,0.04320840165019035,0.34785082936286926,-33.76039505004883,0.042172789573669434,0.13402831554412842,0.031139729544520378,0.28413519263267517,-33.822322845458984,0.048278212547302246,0.1100010871887207,0.024147577583789825,0.29292047023773193,-33.822425842285156
100,0.6000000238418579,0.1953091025352478,0.02132183313369751,0.004530045203864574,0.1039738655090332,0.14228272438049316,0.04410923272371292,0.7076504826545715,-33.16643142700195,0.1905413269996643,0.11089283227920532,0.02772984467446804,0.1531745195388794,-33.952354431152344,0.18945109844207764,0.08729702234268188,0.021421872079372406,0.12694333493709564,-33.95978927612305
101,0.6000000238418579,0.19872063398361206,0.030703604221343994,0.004166525788605213,0.09075236320495605,0.13452810049057007,0.04363374784588814,0.7133990526199341,-33.145660400390625,0.1877109408378601,0.11328393220901489,0.026218466460704803,0.16343681514263153,-33.95301055908203,0.18281322717666626,0.08096867799758911,0.01868635229766369,0.17416276037693024,-33.94818878173828
102,0.6000000238418579,0.19872063398361206,0.03411519527435303,0.004763071425259113,0.09412622451782227,0.1874328851699829,0.04832162335515022,0.7914328575134277,-32.94657516479492,0.18678873777389526,0.07844424247741699,0.02580787055194378,0.17784757912158966,-33.94087600708008,0.18912720680236816,0.07362478971481323,0.023183099925518036,0.17190594971179962,-33.942779541015625
103,0.6000000238418579,0.19701486825942993,0.051172614097595215,0.004054664634168148,0.10646218061447144,0.15755319595336914,0.04154815524816513,0.544582724571228,-33.48745346069336,0.18234151601791382,0.0961725115776062,0.025714848190546036,0.18153023719787598,-33.943843841552734,0.18920564651489258,0.07643020153045654,0.02100525051355362,0.13061007857322693,-33.95761489868164
104,0.6000000238418579,0.1944562792778015,0.03240936994552612,0.004707144573330879,0.10029226541519165,0.13802969455718994,0.045487407594919205,0.5229585766792297,-33.53424835205078,0.18506520986557007,0.09558755159378052,0.024388110265135765,0.30132538080215454,-33.90169143676758,0.17936557531356812,0.1398305892944336,0.018825579434633255,0.14586549997329712,-33.95314025878906
105,0.6000000238418579,0.1944562792778015,0.02046912908554077,0.0035000655334442854,0.10353207588195801,0.15053671598434448,0.04749627411365509,0.5105492472648621,-33.5628662109375,0.19211316108703613,0.12894141674041748,0.02675669454038143,0.16399547457695007,-33.94943618774414,0.18836581707000732,0.07993417978286743,0.019786784425377846,0.20743441581726074,-33.94306564331055
106,0.6000000238418579,0.2004263997077942,0.032409489154815674,0.004297015722841024,0.10265213251113892,0.17420148849487305,0.045476533472537994,0.4950047433376312,-33.589683532714844,0.19374573230743408,0.11567163467407227,0.024341512471437454,0.20174609124660492,-33.93755340576172,0.19518250226974487,0.06790059804916382,0.018808022141456604,0.1326754242181778,-33.961185455322266
107,0.6000000238418579,0.19872063398361206,0.046055495738983154,0.004287689458578825,0.14827024936676025,0.1407109498977661,0.042356859892606735,0.2864481508731842,-33.851844787597656,0.19142675399780273,0.08517080545425415,0.0279323011636734,0.22499187290668488,-33.92987060546875,0.18917882442474365,0.08755922317504883,0.02008618600666523,0.15282604098320007,-33.95418930053711
108,0.6000000238418579,0.1944562792778015,0.02729213237762451,0.0039614601992070675,0.12881535291671753,0.18235141038894653,0.043800488114356995,0.31122303009033203,-33.82542419433594,0.19057685136795044,0.09779828786849976,0.02978624776005745,0.12068791687488556,-33.96401596069336,0.18971318006515503,0.08142119646072388,0.022892877459526062,0.15077856183052063,-33.952510833740234
109,0.6000000238418579,0.1944562792778015,0.023880600929260254,0.00418516481295228,0.14574354887008667,0.19526726007461548,0.045470479875802994,0.29004809260368347,-33.85481643676758,0.19550597667694092,0.10677880048751831,0.02513827569782734,0.14363159239292145,-33.95451736450195,0.1817588210105896,0.08628761768341064,0.01978382281959057,0.16720713675022125,-33.94979476928711
110,0.8999999761581421,0.12622594833374023,0.08102351427078247,0.00556934392079711,0.057430148124694824,0.17448663711547852,0.047808170318603516,0.46410587430000305,-33.59714126586914,0.09376269578933716,0.09266012907028198,0.029599251225590706,0.3116036057472229,-33.810691833496094,0.10810160636901855,0.07799988985061646,0.01954827830195427,0.21156227588653564,-33.88669204711914
111,0.8999999761581421,0.13049036264419556,0.030703604221343994,0.0035233711823821068,0.07532215118408203,0.2058095932006836,0.049042992293834686,0.45284774899482727,-33.65843200683594,0.09404128789901733,0.0954369306564331,0.024816032499074936,0.35679638385772705,-33.814964294433594,0.10159707069396973,0.08342260122299194,0.02237849310040474,0.2204214483499527,-33.882930755615234
112,0.8999999761581421,0.1270788311958313,0.05629003047943115,0.004753752611577511,0.05406826734542847,0.20447629690170288,0.040006425231695175,0.4279120862483978,-33.662174224853516,0.0911591649055481,0.09731531143188477,0.03040606528520584,0.32511287927627563,-33.84920120239258,0.10518640279769897,0.08847051858901978,0.022113081067800522,0.20896731317043304,-33.896060943603516
113,0.8999999761581421,0.13049036264419556,0.0486140251159668,0.005024060141295195,0.07077336311340332,0.19987863302230835,0.0444265678524971,0.4078303873538971,-33.677406311035156,0.10265260934829712,0.12257301807403564,0.025974173098802567,0.2748800814151764,-33.86615753173828,0.11119407415390015,0.075320303440094,0.022596092894673347,0.15488877892494202,-33.91695785522461
114,0.8999999761581421,0.13049036264419556,0.07334762811660767,0.005452827084809542,0.05898922681808472,0.18640238046646118,0.04815441370010376,0.413107305765152,-33.67477035522461,0.10514599084854126,0.11202329397201538,0.02745012752711773,0.29342958331108093,-33.855438232421875,0.11089366674423218,0.07146352529525757,0.022771302610635757,0.17216472327709198,-33.91078186035156
115,0.8999999761581421,0.1270788311958313,0.05629009008407593,0.006627289112657309,0.07431662082672119,0.14132583141326904,0.04235394299030304,0.45896628499031067,-33.639835357666016,0.10284042358398438,0.09456032514572144,0.020932137966156006,0.4003264904022217,-33.81507873535156,0.10296005010604858,0.0906059741973877,0.02164764516055584,0.20298904180526733,-33.895484924316406
116,0.8999999761581421,0.1270788311958313,0.06993603706359863,0.007205192465335131,0.07177656888961792,0.1658046841621399,0.04534490033984184,0.3656221032142639,-33.72397994995117,0.10140824317932129,0.10941445827484131,0.025774043053388596,0.2547045648097992,-33.86709213256836,0.10369873046875,0.06740140914916992,0.020670048892498016,0.2321399599313736,-33.87582015991211
117,0.8999999761581421,0.13049036264419556,0.059701383113861084,0.004888908937573433,0.06585216522216797,0.1770060658454895,0.050531625747680664,0.4813639521598816,-33.6209716796875,0.09780985116958618,0.08017319440841675,0.025293821468949318,0.3291419744491577,-33.83160400390625,0.10855811834335327,0.09221357107162476,0.020156115293502808,0.1655343472957611,-33.909488677978516
118,0.8999999761581421,0.13049036264419556,0.09125804901123047,0.005546038970351219,0.07402831315994263,0.18057626485824585,0.04339038208127022,0.4205613434314728,-33.647647857666016,0.10324960947036743,0.09060269594192505,0.02815106511116028,0.26057037711143494,-33.86623001098633,0.1092178225517273,0.06852853298187256,0.020678967237472534,0.1832619309425354,-33.89784240722656
119,0.8999999761581421,0.1270788311958313,0.03923243284225464,0.004819002002477646,0.07393521070480347,0.1617642641067505,0.0412888377904892,0.44774192571640015,-33.64794921875,0.10193496942520142,0.083315908908844,0.021523531526327133,0.3243899643421173,-33.83740997314453,0.11305326223373413,0.08028030395507812,0.024723296985030174,0.23636648058891296,-33.890403747558594
120,1.2000000476837158,0.0886993408203125,0.07675909996032715,0.006948856636881828,0.05911910533905029,0.2155628204345703,0.047340091317892075,0.2963835597038269,-33.79554748535156,0.06641197204589844,0.10839122533798218,0.029976865276694298,0.300822913646698,-33.825252532958984,0.08205193281173706,0.06404095888137817,0.023234741762280464,0.20922726392745972,-33.879825592041016
121,1.2000000476837158,0.08784645795822144,0.1211087703704834,0.0069675142876803875,0.051940858364105225,0.17611360549926758,0.04552077502012253,0.3334905803203583,-33.7792854309082,0.0792894959449768,0.09762734174728394,0.024547206237912178,0.25309857726097107,-33.86095428466797,0.06957679986953735,0.07897394895553589,0.022312132641673088,0.21479882299900055,-33.8649787902832
122,1.2000000476837158,0.0886993408203125,0.06140732765197754,0.00658069085329771,0.06160038709640503,0.13046646118164062,0.043185800313949585,0.42430514097213745,-33.757484436035156,0.06884503364562988,0.1159258484840393,0.029826536774635315,0.22900107502937317,-33.855716705322266,0.08078789710998535,0.10294723510742188,0.02405605837702751,0.18290919065475464,-33.890228271484375
123,1.2000000476837158,0.08784645795822144,0.14413654804229736,0.00771320378407836,0.06245666742324829,0.15320807695388794,0.04420652240514755,0.3306390941143036,-33.779090881347656,0.0640554428100586,0.15298151969909668,0.026551220566034317,0.30862343311309814,-33.805747985839844,0.0733528733253479,0.07587027549743652,0.02351297438144684,0.23490311205387115,-33.85892868041992
124,1.2000000476837158,0.0886993408203125,0.1108742356300354,0.006725161336362362,0.05762428045272827,0.16734635829925537,0.040747370570898056,0.32079777121543884,-33.810306549072266,0.06436944007873535,0.09504258632659912,0.03124392218887806,0.3019115924835205,-33.831214904785156,0.07845234870910645,0.08705902099609375,0.02423885650932789,0.17459851503372192,-33.89029312133789
125,1.2000000476837158,0.08784645795822144,0.08699369430541992,0.006916242651641369,0.06131184101104736,0.1691179871559143,0.04468284919857979,0.3351179361343384,-33.799034118652344,0.07017320394515991,0.07473266124725342,0.02435571327805519,0.3304547071456909,-33.8332633972168,0.08176440000534058,0.13565963506698608,0.02235456369817257,0.17860834300518036,-33.88667678833008
126,1.2000000476837158,0.08784645795822144,0.08187627792358398,0.007997489534318447,0.06065183877944946,0.1454782485961914,0.043686721473932266,0.2775656580924988,-33.823448181152344,0.07054764032363892,0.09815961122512817,0.027082368731498718,0.30539000034332275,-33.85932159423828,0.0780477523803711,0.0764128565788269,0.020571136847138405,0.18863068521022797,-33.90056228637695
127,1.2000000476837158,0.08784645795822144,0.08528786897659302,0.007801752537488937,0.0618588924407959,0.18214929103851318,0.04492386057972908,0.29678764939308167,-33.79484176635742,0.06772977113723755,0.10423493385314941,0.03028031624853611,0.30140936374664307,-33.84395980834961,0.08163291215896606,0.10336756706237793,0.02564837969839573,0.1725558638572693,-33.88925552368164
128,1.2000000476837158,0.08784645795822144,0.12622594833374023,0.007685227319598198,0.06016010046005249,0.16197419166564941,0.045430876314640045,0.2662728428840637,-33.82012939453125,0.07602864503860474,0.10425639152526855,0.026875510811805725,0.28633052110671997,-33.85232162475586,0.07413828372955322,0.07808464765548706,0.022289900109171867,0.2996889650821686,-33.864620208740234
129,1.2000000476837158,0.08784645795822144,0.07334756851196289,0.00615657726302743,0.04947805404663086,0.1714167594909668,0.0466676726937294,0.3189311623573303,-33.78889846801758,0.06601011753082275,0.09319478273391724,0.028841476887464523,0.2611898183822632,-33.85393142700195,0.08202868700027466,0.11078125238418579,0.024140477180480957,0.1551903933286667,-33.905635833740234
130,1.5,0.07505327463150024,0.06737750768661499,0.006217155605554581,0.04091191291809082,0.1837955117225647,0.04076492041349411,0.23612166941165924,-33.84831237792969,0.054794490337371826,0.11857295036315918,0.026504728943109512,0.38464224338531494,-33.843177795410156,0.06024658679962158,0.07037407159805298,0.022154200822114944,0.18186582624912262,-33.88322067260742
131,1.5,0.07590615749359131,0.07761186361312866,0.005340971518307924,0.0526808500289917,0.1487087607383728,0.04017435759305954,0.23365791141986847,-33.85404968261719,0.05902785062789917,0.0921863317489624,0.027570519596338272,0.3014070391654968,-33.86686706542969,0.055177271366119385,0.08694636821746826,0.02464253641664982,0.2044614851474762,-33.884437561035156
132,1.5,0.07420039176940918,0.0648188591003418,0.0056765261106193066,0.05069780349731445,0.21613812446594238,0.04707229882478714,0.24548956751823425,-33.852264404296875,0.05346202850341797,0.10963594913482666,0.025892453268170357,0.2166624367237091,-33.882606506347656,0.06142568588256836,0.0985909104347229,0.023900635540485382,0.1916065812110901,-33.894744873046875
133,1.5,0.06823021173477173,0.10405111312866211,0.00787164457142353,0.05707204341888428,0.12616735696792603,0.039824411273002625,0.25038373470306396,-33.8427734375,0.05067873001098633,0.08470118045806885,0.026449507102370262,0.21092556416988373,-33.873287200927734,0.06051844358444214,0.07711601257324219,0.019315112382173538,0.18718813359737396,-33.876922607421875
134,1.5,0.07505327463150024,0.05628997087478638,0.0052011506631970406,0.05813860893249512,0.16978996992111206,0.04209136962890625,0.19795745611190796,-33.870208740234375,0.0500873327255249,0.10773360729217529,0.03247329965233803,0.18987974524497986,-33.880863189697266,0.058093249797821045,0.08007407188415527,0.02375238947570324,0.20667143166065216,-33.89272689819336
135,1.5,0.07590615749359131,0.0886993408203125,0.00805807113647461,0.052290499210357666,0.2146204113960266,0.04989759251475334,0.24859613180160522,-33.8468017578125,0.05828577280044556,0.08355146646499634,0.024344662204384804,0.21634452044963837,-33.87833023071289,0.05951118469238281,0.12472009658813477,0.02820453606545925,0.2100839763879776,-33.878963470458984
136,1.5,0.07505327463150024,0.08443492650985718,0.0066832066513597965,0.048123300075531006,0.1515103578567505,0.047340333461761475,0.24474339187145233,-33.844764709472656,0.055565595626831055,0.09834939241409302,0.027978435158729553,0.2561340928077698,-33.860260009765625,0.05558443069458008,0.11712497472763062,0.026628313586115837,0.23475255072116852,-33.86981201171875
137,1.5,0.07505327463150024,0.11428570747375488,0.005471461918205023,0.04675859212875366,0.15658169984817505,0.043266404420137405,0.24669067561626434,-33.849308013916016,0.05950427055358887,0.09923338890075684,0.02783842571079731,0.21465782821178436,-33.88336944580078,0.06448400020599365,0.08202719688415527,0.024133702740073204,0.3006124794483185,-33.87264633178711
138,1.5,0.07505327463150024,0.06993609666824341,0.0065620229579508305,0.05247092247009277,0.14233392477035522,0.04508878290653229,0.2504125237464905,-33.84056854248047,0.05509448051452637,0.09545689821243286,0.030507629737257957,0.34784141182899475,-33.84231185913086,0.058716773986816406,0.08237099647521973,0.026616295799613,0.2525179088115692,-33.872833251953125
139,1.5,0.07505327463150024,0.04434967041015625,0.006235793698579073,0.04756122827529907,0.16410234570503235,0.048959750682115555,0.2852466404438019,-33.82920455932617,0.061540961265563965,0.1142318844795227,0.025324221700429916,0.33643579483032227,-33.86124038696289,0.060730934143066406,0.07483291625976562,0.02352297119796276,0.1635868400335312,-33.89470291137695
140,1.7999999523162842,0.03155648708343506,0.07164180278778076,0.009857043623924255,0.045755982398986816,0.16257506608963013,0.04295240342617035,0.24952849745750427,-33.82177734375,0.044235825538635254,0.09948837757110596,0.028283847495913506,0.3608616292476654,-33.82425308227539,0.0489811897277832,0.09340578317642212,0.0260841716080904,0.32645082473754883,-33.84169006347656
141,1.7999999523162842,0.023027658462524414,0.6021322011947632,0.02006361447274685,0.04966205358505249,0.19121259450912476,0.04545208439230919,0.6714838743209839,-33.35486602783203,0.051545143127441406,0.09882193803787231,0.027318904176354408,0.6373462677001953,-33.402687072753906,0.044888317584991455,0.10545223951339722,0.029014235362410545,0.6308751106262207,-33.39365768432617
142,1.7999999523162842,0.03496795892715454,0.0801706314086914,0.010905657894909382,0.05226099491119385,0.15151304006576538,0.04434305056929588,0.31330689787864685,-33.802589416503906,0.04582864046096802,0.10658526420593262,0.029765786603093147,0.2886173725128174,-33.83900833129883,0.04319870471954346,0.11526650190353394,0.02937493287026882,0.20095935463905334,-33.86070251464844
143,1.7999999523162842,0.0486140251159668,0.09722816944122314,0.011628036387264729,0.048996925354003906,0.16200584173202515,0.041082605719566345,0.27280235290527344,-33.81517028808594,0.047254979610443115,0.09736108779907227,0.030280977487564087,0.29259708523750305,-33.84134292602539,0.05585592985153198,0.09257715940475464,0.027180446311831474,0.25945377349853516,-33.849605560302734
144,1.7999999523162842,0.01705753803253174,0.1296374797821045,0.012042826972901821,0.04841071367263794,0.21520382165908813,0.04710421338677406,0.3066175878047943,-33.77617263793945,0.04809749126434326,0.10807937383651733,0.03035387583076954,0.3383287787437439,-33.82355880737305,0.046698033809661865,0.09965240955352783,0.027807818725705147,0.23774109780788422,-33.849300384521484
145,1.7999999523162842,0.024733424186706543,0.09637540578842163,0.009661293588578701,0.04893606901168823,0.1369956135749817,0.04420718178153038,0.3463689684867859,-33.757320404052734,0.05090808868408203,0.07067418098449707,0.024211611598730087,0.5142902731895447,-33.77329635620117,0.044123172760009766,0.1182054877281189,0.024065058678388596,0.47881048917770386,-33.7933464050293
146,1.7999999523162842,0.01705753803253174,0.12622594833374023,0.011297141201794147,0.04754441976547241,0.139112651348114,0.04293414205312729,0.3357163369655609,-33.75745391845703,0.05402684211730957,0.07951658964157104,0.023489894345402718,0.4102892279624939,-33.7780876159668,0.04981529712677002,0.09619414806365967,0.031225867569446564,0.3189009726047516,-33.80815124511719
147,1.7999999523162842,0.02388054132461548,0.11940300464630127,0.010150652378797531,0.04681903123855591,0.1711450219154358,0.042691756039857864,0.28272151947021484,-33.80268478393555,0.05432331562042236,0.10653853416442871,0.028933320194482803,0.30635231733322144,-33.832679748535156,0.04640913009643555,0.09022694826126099,0.023714249953627586,0.2609599530696869,-33.84633255004883
148,1.7999999523162842,0.01705753803253174,0.12622594833374023,0.012378382496535778,0.0509832501411438,0.132510244846344,0.04490206390619278,0.3057935833930969,-33.77976989746094,0.055703818798065186,0.07832324504852295,0.02269710600376129,0.3399546444416046,-33.819427490234375,0.04785025119781494,0.08852177858352661,0.023176265880465508,0.2485290914773941,-33.849632263183594
149,1.7999999523162842,0.02132195234298706,0.1722813844680786,0.013119414448738098,0.05131220817565918,0.2042366862297058,0.040471311658620834,0.29371196031570435,-33.77499008178711,0.04894214868545532,0.10231804847717285,0.031277623027563095,0.317963570356369,-33.82313537597656,0.045823752880096436,0.10069882869720459,0.026859551668167114,0.3021503984928131,-33.81977844238281
150,0.6000000238418579,0.1953091025352478,0.02132183313369751,0.004530045203864574,0.13349735736846924,0.22282028198242188,0.051794201135635376,0.3856371343135834,-33.77703094482422,0.1842920184135437,0.13633018732070923,0.030426718294620514,0.18688343465328217,-33.94572830200195,0.18639367818832397,0.06303465366363525,0.016494562849402428,0.13902060687541962,-33.954986572265625
151,0.6000000238418579,0.19872063398361206,0.030703604221343994,0.004166525788605213,0.09848546981811523,0.1616588830947876,0.044016093015670776,0.648406982421875,-33.309173583984375,0.19138985872268677,0.1024254560470581,0.02401816099882126,0.2101636379957199,-33.9325065612793,0.18783265352249146,0.10739946365356445,0.02020716294646263,0.16566726565361023,-33.94584655761719
152,0.6000000238418579,0.19872063398361206,0.03411519527435303,0.004763071425259113,0.09620445966720581,0.1547907590866089,0.04337645694613457,0.7060997486114502,-33.16733932495117,0.18645793199539185,0.14716142416000366,0.029310261830687523,0.17162764072418213,-33.94356155395508,0.18757325410842896,0.08356893062591553,0.02091376669704914,0.17327310144901276,-33.94122314453125
153,0.6000000238418579,0.19701486825942993,0.051172614097595215,0.004054664634168148,0.14398998022079468,0.14359623193740845,0.04293838515877724,0.27664586901664734,-33.85501480102539,0.19200032949447632,0.07985711097717285,0.02599279209971428,0.2076534777879715,-33.92892837524414,0.17677617073059082,0.07057511806488037,0.020319968461990356,0.13207057118415833,-33.95545196533203
154,0.6000000238418579,0.1944562792778015,0.03240936994552612,0.004707144573330879,0.09754902124404907,0.20491540431976318,0.046734657138586044,0.5440990924835205,-33.523868560791016,0.18673163652420044,0.12005847692489624,0.024098338559269905,0.18193316459655762,-33.940673828125,0.18934088945388794,0.11901229619979858,0.024415291845798492,0.17390777170658112,-33.939491271972656
155,0.6000000238418579,0.1944562792778015,0.02046912908554077,0.0035000655334442854,0.09451252222061157,0.1579723358154297,0.04791271686553955,0.6821827292442322,-33.23912811279297,0.18956899642944336,0.09021264314651489,0.023209091275930405,0.167432963848114,-33.95683670043945,0.1911015510559082,0.10324066877365112,0.016350381076335907,0.1525684893131256,-33.955970764160156
156,0.6000000238418579,0.2004263997077942,0.032409489154815674,0.004297015722841024,0.12360996007919312,0.15522027015686035,0.04434434697031975,0.34828799962997437,-33.78721237182617,0.1964593529701233,0.07797753810882568,0.02122500166296959,0.22744908928871155,-33.93107986450195,0.18720608949661255,0.0671842098236084,0.019392602145671844,0.13647323846817017,-33.95891571044922
157,0.6000000238418579,0.19872063398361206,0.046055495738983154,0.004287689458578825,0.09880971908569336,0.15869510173797607,0.04533343017101288,0.5794792175292969,-33.426231384277344,0.18706685304641724,0.10145461559295654,0.024681968614459038,0.29650962352752686,-33.90439987182617,0.18747657537460327,0.07913339138031006,0.019531816244125366,0.22217288613319397,-33.928001403808594
158,0.6000000238418579,0.1944562792778015,0.02729213237762451,0.0039614601992070675,0.09508424997329712,0.25021249055862427,0.052991293370723724,0.7201281785964966,-33.13090515136719,0.1849677562713623,0.09039372205734253,0.024559728801250458,0.1720733940601349,-33.94821548461914,0.1814008355140686,0.06480103731155396,0.022943813353776932,0.15379488468170166,-33.958953857421875
159,0.6000000238418579,0.1944562792778015,0.023880600929260254,0.00418516481295228,0.08801877498626709,0.1940016746520996,0.04719793424010277,0.6125380992889404,-33.36704635620117,0.18637090921401978,0.11082041263580322,0.02477538399398327,0.21885599195957184,-33.92744064331055,0.18734478950500488,0.0688599944114685,0.02029338851571083,0.11401379108428955,-33.96615219116211
160,0.8999999761581421,0.12622594833374023,0.08102351427078247,0.00556934392079711,0.07099640369415283,0.20348387956619263,0.0460704043507576,0.5175721049308777,-33.517879486083984,0.1097571849822998,0.09600907564163208,0.02489110454916954,0.29561859369277954,-33.84151840209961,0.10985636711120605,0.08640748262405396,0.022402163594961166,0.20065371692180634,-33.8980598449707
161,0.8999999761581421,0.13049036264419556,0.030703604221343994,0.0035233711823821068,0.06852585077285767,0.15706712007522583,0.04461278021335602,0.4168454706668854,-33.669036865234375,0.10236549377441406,0.10359686613082886,0.027769802138209343,0.3563207685947418,-33.83802032470703,0.11146032810211182,0.1311960220336914,0.0224621519446373,0.166937455534935,-33.915809631347656
162,0.8999999761581421,0.1270788311958313,0.05629003047943115,0.004753752611577511,0.07649976015090942,0.13667821884155273,0.04223219305276871,0.40909844636917114,-33.69146728515625,0.10311299562454224,0.08075505495071411,0.02403995767235756,0.25793617963790894,-33.86826705932617,0.10893791913986206,0.05898624658584595,0.021251818165183067,0.17366206645965576,-33.90999984741211
163,0.8999999761581421,0.13049036264419556,0.0486140251159668,0.005024060141295195,0.0688697099685669,0.18085944652557373,0.04749775305390358,0.39436429738998413,-33.689754486083984,0.09556770324707031,0.09866726398468018,0.028203651309013367,0.26615187525749207,-33.86121368408203,0.10900437831878662,0.07146686315536499,0.017515741288661957,0.1576375514268875,-33.918670654296875
164,0.8999999761581421,0.13049036264419556,0.07334762811660767,0.005452827084809542,0.06815582513809204,0.13108384609222412,0.03847328573465347,0.4564492404460907,-33.617347717285156,0.09969896078109741,0.09576535224914551,0.02662418968975544,0.24133335053920746,-33.890968322753906,0.10162800550460815,0.09284859895706177,0.023865798488259315,0.2649492919445038,-33.86742401123047
165,0.8999999761581421,0.1270788311958313,0.05629009008407593,0.006627289112657309,0.06658083200454712,0.1622517704963684,0.047349799424409866,0.4097621738910675,-33.683837890625,0.0937466025352478,0.08309590816497803,0.027304844930768013,0.334406316280365,-33.81182098388672,0.1007918119430542,0.09361052513122559,0.024317333474755287,0.29585257172584534,-33.86307144165039
166,0.8999999761581421,0.1270788311958313,0.06993603706359863,0.007205192465335131,0.07481259107589722,0.15254372358322144,0.042203523218631744,0.37308865785598755,-33.718963623046875,0.09876930713653564,0.1156001091003418,0.027112480252981186,0.2307523787021637,-33.87654113769531,0.10840928554534912,0.07937401533126831,0.023533334955573082,0.22218385338783264,-33.889251708984375
167,0.8999999761581421,0.13049036264419556,0.059701383113861084,0.004888908937573433,0.0658532977104187,0.12429749965667725,0.0379251204431057,0.4217028021812439,-33.66279602050781,0.1042662262916565,0.09942483901977539,0.02849322184920311,0.3296623229980469,-33.85279846191406,0.10864359140396118,0.09167569875717163,0.02086646854877472,0.1944836974143982,-33.9051628112793
168,0.8999999761581421,0.13049036264419556,0.09125804901123047,0.005546038970351219,0.0698084831237793,0.18532630801200867,0.042267002165317535,0.43027281761169434,-33.666072845458984,0.09807699918746948,0.10040545463562012,0.024161066859960556,0.33609727025032043,-33.82583236694336,0.11025053262710571,0.08057105541229248,0.024256017059087753,0.17346450686454773,-33.899757385253906
169,0.8999999761581421,0.1270788311958313,0.03923243284225464,0.004819002002477646,0.06333094835281372,0.13754171133041382,0.04371827468276024,0.44777485728263855,-33.62670135498047,0.0958254337310791,0.09869366884231567,0.029180848971009254,0.38914403319358826,-33.81640625,0.10717463493347168,0.08204531669616699,0.01814185082912445,0.1938716024160385,-33.909202575683594
170,1.2000000476837158,0.0886993408203125,0.07675909996032715,0.006948856636881828,0.053761184215545654,0.12394672632217407,0.041480135172605515,0.2807212173938751,-33.82318878173828,0.07583433389663696,0.08634793758392334,0.026412906125187874,0.4463576078414917,-33.81975173950195,0.08622395992279053,0.08052951097488403,0.0225972943007946,0.16556768119335175,-33.89702606201172
171,1.2000000476837158,0.08784645795822144,0.1211087703704834,0.0069675142876803875,0.05742287635803223,0.1687135100364685,0.04483891278505325,0.3108828067779541,-33.78607177734375,0.07119512557983398,0.1116713285446167,0.029769692569971085,0.26872849464416504,-33.84245681762695,0.08095294237136841,0.07837146520614624,0.02197211980819702,0.1915096938610077,-33.883338928222656
172,1.2000000476837158,0.0886993408203125,0.06140732765197754,0.00658069085329771,0.06312328577041626,0.14027059078216553,0.04197628051042557,0.268110454082489,-33.824520111083984,0.0750088095664978,0.10233211517333984,0.028235798701643944,0.2947279214859009,-33.84053039550781,0.07013958692550659,0.09287834167480469,0.024387333542108536,0.23670436441898346,-33.88289260864258
173,1.2000000476837158,0.08784645795822144,0.14413654804229736,0.00771320378407836,0.042020976543426514,0.1902698278427124,0.048776738345623016,0.37486764788627625,-33.73551940917969,0.07463240623474121,0.0844109058380127,0.026633109897375107,0.2732336223125458,-33.82603454589844,0.07585108280181885,0.09782636165618896,0.02213190123438835,0.2082112729549408,-33.87255096435547
174,1.2000000476837158,0.0886993408203125,0.1108742356300354,0.006725161336362362,0.06888854503631592,0.24032354354858398,0.04509049281477928,0.277267724275589,-33.823307037353516,0.06941115856170654,0.16803669929504395,0.030448680743575096,0.25659167766571045,-33.84604263305664,0.08133304119110107,0.09676933288574219,0.02624654956161976,0.19119733572006226,-33.884708404541016
175,1.2000000476837158,0.08784645795822144,0.08699369430541992,0.006916242651641369,0.056271493434906006,0.14928042888641357,0.038473065942525864,0.28275975584983826,-33.813011169433594,0.06623631715774536,0.09431058168411255,0.027602382004261017,0.2882925570011139,-33.835906982421875,0.07232952117919922,0.10937738418579102,0.028506048023700714,0.21597914397716522,-33.870689392089844
176,1.2000000476837158,0.08784645795822144,0.08187627792358398,0.007997489534318447,0.06415516138076782,0.20164209604263306,0.043537549674510956,0.27152228355407715,-33.82086181640625,0.07517582178115845,0.1210588812828064,0.029057012870907784,0.2161564826965332,-33.87490463256836,0.08332091569900513,0.08959442377090454,0.02392641082406044,0.15582828223705292,-33.90522003173828
177,1.2000000476837158,0.08784645795822144,0.08528786897659302,0.007801752537488937,0.056343019008636475,0.15834659337997437,0.04481684789061546,0.32086560130119324,-33.788761138916016,0.07650941610336304,0.08440536260604858,0.02341603673994541,0.2912452220916748,-33.86116409301758,0.08004403114318848,0.09091436862945557,0.020962076261639595,0.17071238160133362,-33.88822555541992
178,1.2000000476837158,0.08784645795822144,0.12622594833374023,0.007685227319598198,0.06550079584121704,0.240081787109375,0.046398039907217026,0.24452976882457733,-33.83930969238281,0.06975555419921875,0.0885353684425354,0.029768362641334534,0.3200322985649109,-33.833717346191406,0.07698029279708862,0.08270645141601562,0.02319836989045143,0.27437785267829895,-33.86886215209961
179,1.2000000476837158,0.08784645795822144,0.07334756851196289,0.00615657726302743,0.06582581996917725,0.14259928464889526,0.03747596964240074,0.26519128680229187,-33.83446502685547,0.07292622327804565,0.09672349691390991,0.023253479972481728,0.2509060800075531,-33.86412811279297,0.08006203174591064,0.0757182240486145,0.025739092379808426,0.18572543561458588,-33.894996643066406
180,1.5,0.07505327463150024,0.06737750768661499,0.006217155605554581,0.05729866027832031,0.17270463705062866,0.0397908017039299,0.254168301820755,-33.841373443603516,0.060170531272888184,0.10752612352371216,0.02566801756620407,0.38762804865837097,-33.848751068115234,0.06281208992004395,0.07485711574554443,0.02142893150448799,0.15953274071216583,-33.89472579956055
181,1.5,0.07590615749359131,0.07761186361312866,0.005340971518307924,0.04601818323135376,0.1855749487876892,0.03845770284533501,0.2199641466140747,-33.86085891723633,0.051450908184051514,0.10457408428192139,0.03250832110643387,0.29837140440940857,-33.85859680175781,0.05157053470611572,0.08795440196990967,0.02334246039390564,0.164408877491951,-33.8968620300293
182,1.5,0.07420039176940918,0.0648188591003418,0.0056765261106193066,0.044983088970184326,0.17025238275527954,0.03948499634861946,0.21096552908420563,-33.86558532714844,0.044808268547058105,0.0973968505859375,0.029171254485845566,0.203983873128891,-33.88241195678711,0.06081312894821167,0.0791967511177063,0.022917643189430237,0.1715850681066513,-33.893558502197266
183,1.5,0.06823021173477173,0.10405111312866211,0.00787164457142353,0.0520855188369751,0.22766852378845215,0.04938892647624016,0.29514098167419434,-33.799278259277344,0.05308806896209717,0.10109859704971313,0.02831721305847168,0.2613110840320587,-33.86174011230469,0.04899066686630249,0.09765315055847168,0.028014712035655975,0.20632830262184143,-33.86812973022461
184,1.5,0.07505327463150024,0.05628997087478638,0.0052011506631970406,0.05920320749282837,0.18947875499725342,0.04471411928534508,0.22617515921592712,-33.86076354980469,0.05567145347595215,0.09628480672836304,0.026541823521256447,0.2308356761932373,-33.88353729248047,0.05199885368347168,0.09033858776092529,0.02925047278404236,0.2034621685743332,-33.8903923034668
185,1.5,0.07590615749359131,0.0886993408203125,0.00805807113647461,0.04927784204483032,0.1959066390991211,0.04510222747921944,0.2246178239583969,-33.85843276977539,0.04602682590484619,0.10983878374099731,0.02792348340153694,0.27434712648391724,-33.866329193115234,0.05865520238876343,0.09484875202178955,0.025158366188406944,0.17843462526798248,-33.88903045654297
186,1.5,0.07505327463150024,0.08443492650985718,0.0066832066513597965,0.06110018491744995,0.12568753957748413,0.03841887414455414,0.23186185956001282,-33.85707092285156,0.05356490612030029,0.08375924825668335,0.03165298327803612,0.22956299781799316,-33.87150573730469,0.05915188789367676,0.07665520906448364,0.024289609864354134,0.20265738666057587,-33.88173294067383
187,1.5,0.07505327463150024,0.11428570747375488,0.005471461918205023,0.0542026162147522,0.2431991696357727,0.04024963080883026,0.21397869288921356,-33.867469787597656,0.06049102544784546,0.10572826862335205,0.027065979316830635,0.2084483802318573,-33.88859558105469,0.051185548305511475,0.09022575616836548,0.028434909880161285,0.19750423729419708,-33.8803825378418
188,1.5,0.07505327463150024,0.06993609666824341,0.0065620229579508305,0.04963177442550659,0.20148593187332153,0.04154401645064354,0.2618553042411804,-33.831947326660156,0.05756014585494995,0.11836320161819458,0.028973150998353958,0.23675434291362762,-33.87270736694336,0.05815988779067993,0.10611140727996826,0.02660839818418026,0.2526332139968872,-33.8725700378418
189,1.5,0.07505327463150024,0.04434967041015625,0.006235793698579073,0.05644124746322632,0.1787441074848175,0.047421444207429886,0.3019559681415558,-33.83876037597656,0.05063676834106445,0.1287505030632019,0.030112551525235176,0.2592840790748596,-33.87260055541992,0.05848962068557739,0.07559055089950562,0.02754363603889942,0.19256864488124847,-33.88512420654297
190,1.7999999523162842,0.03155648708343506,0.07164180278778076,0.009857043623924255,0.053608715534210205,0.1449241042137146,0.040770046412944794,0.30416691303253174,-33.79231262207031,0.04596632719039917,0.11846774816513062,0.0276801697909832,0.37376198172569275,-33.83183288574219,0.04564619064331055,0.07682591676712036,0.0211337823420763,0.29907986521720886,-33.847877502441406
191,1.7999999523162842,0.023027658462524414,0.6021322011947632,0.02006361447274685,0.04821121692657471,0.1997249722480774,0.04656759276986122,0.6237181425094604,-33.38099670410156,0.04899168014526367,0.09961456060409546,0.02595822513103485,0.5821388363838196,-33.425418853759766,0.05009859800338745,0.10751277208328247,0.028306595981121063,0.5864661931991577,-33.43320846557617
192,1.7999999523162842,0.03496795892715454,0.0801706314086914,0.010905657894909382,0.05073767900466919,0.19977247714996338,0.04612432047724724,0.29533499479293823,-33.78425598144531,0.04736316204071045,0.11940014362335205,0.026088783517479897,0.36384499073028564,-33.81544494628906,0.05003690719604492,0.06985980272293091,0.022966008633375168,0.25333091616630554,-33.8481330871582
193,1.7999999523162842,0.0486140251159668,0.09722816944122314,0.011628036387264729,0.0508652925491333,0.19196033477783203,0.041538748890161514,0.28851884603500366,-33.80213165283203,0.04207891225814819,0.08934009075164795,0.028118809685111046,0.34665560722351074,-33.8267936706543,0.0529596209526062,0.08078837394714355,0.02692592516541481,0.2864660918712616,-33.84043502807617
194,1.7999999523162842,0.01705753803253174,0.1296374797821045,0.012042826972901821,0.05352884531021118,0.15607231855392456,0.04593447968363762,0.287099152803421,-33.795597076416016,0.04488629102706909,0.11043238639831543,0.026447396725416183,0.30779367685317993,-33.82107162475586,0.04818117618560791,0.10664933919906616,0.027478305622935295,0.23907582461833954,-33.84445571899414
195,1.7999999523162842,0.024733424186706543,0.09637540578842163,0.009661293588578701,0.04609799385070801,0.1306459903717041,0.035347454249858856,0.3208897113800049,-33.7926025390625,0.05026137828826904,0.12651187181472778,0.02590438351035118,0.3246915638446808,-33.825584411621094,0.04889446496963501,0.09532880783081055,0.024913208559155464,0.30808037519454956,-33.83170700073242
196,1.7999999523162842,0.01705753803253174,0.12622594833374023,0.011297141201794147,0.046299874782562256,0.2407265305519104,0.05033870041370392,0.31235137581825256,-33.77120590209961,0.04527854919433594,0.11865353584289551,0.030515894293785095,0.3202616274356842,-33.808143615722656,0.05294787883758545,0.09155434370040894,0.025082988664507866,0.28890082240104675,-33.811737060546875
197,1.7999999523162842,0.02388054132461548,0.11940300464630127,0.010150652378797531,0.03752940893173218,0.19484782218933105,0.0482381172478199,0.29504460096359253,-33.78505325317383,0.043663859367370605,0.10666996240615845,0.02765696682035923,0.3122600018978119,-33.83076858520508,0.044339656829833984,0.08000129461288452,0.028376203030347824,0.252514123916626,-33.846370697021484
198,1.7999999523162842,0.01705753803253174,0.12622594833374023,0.012378382496535778,0.04967653751373291,0.20202523469924927,0.04098869860172272,0.3731958270072937,-33.77338790893555,0.045675814151763916,0.09253311157226562,0.026867276057600975,0.2719529867172241,-33.8382453918457,0.05346107482910156,0.08285742998123169,0.02700922265648842,0.2420954704284668,-33.848690032958984
199,1.7999999523162842,0.02132195234298706,0.1722813844680786,0.013119414448738098,0.04540538787841797,0.15245002508163452,0.043071869760751724,0.4036453366279602,-33.747562408447266,0.05053609609603882,0.09549754858016968,0.024682721123099327,0.32321488857269287,-33.81747055053711,0.045580923557281494,0.1265566349029541,0.028235651552677155,0.2642061412334442,-33.83155822753906
200,0.6000000238418579,0.1953091025352478,0.02132183313369751,0.004530045203864574,0.09684288501739502,0.14827704429626465,0.04283001646399498,0.7179439663887024,-33.16592788696289,0.18980377912521362,0.10246217250823975,0.024197489023208618,0.16279207170009613,-33.954532623291016,0.1834126114845276,0.09377914667129517,0.02211848646402359,0.12048649042844772,-33.96585464477539
201,0.6000000238418579,0.19872063398361206,0.030703604221343994,0.004166525788605213,0.12262260913848877,0.1769225001335144,0.04641487076878548,0.4627818763256073,-33.64519119262695,0.18669342994689941,0.0970260500907898,0.028624804690480232,0.16528315842151642,-33.956764221191406,0.18413424491882324,0.07216519117355347,0.023242490366101265,0.16871602833271027,-33.9490966796875
202,0.6000000238418579,0.19872063398361206,0.03411519527435303,0.004763071425259113,0.12972038984298706,0.12733322381973267,0.038916267454624176,0.4031181037425995,-33.717437744140625,0.18964356184005737,0.08545243740081787,0.026559745892882347,0.1712292730808258,-33.946266174316406,0.1877678632736206,0.10807335376739502,0.0195809006690979,0.17349642515182495,-33.94760513305664
203,0.6000000238418579,0.19701486825942993,0.051172614097595215,0.004054664634168148,0.17241626977920532,0.15303117036819458,0.04533292353153229,0.20648755133152008,-33.91706848144531,0.18499815464019775,0.10037398338317871,0.027072368189692497,0.2063211351633072,-33.93303680419922,0.19266748428344727,0.06180614233016968,0.01876066066324711,0.16082897782325745,-33.95151901245117
204,0.6000000238418579,0.1944562792778015,0.03240936994552612,0.004707144573330879,0.1061701774597168,0.22528016567230225,0.05241791158914566,0.5565568804740906,-33.471153259277344,0.18377327919006348,0.10362452268600464,0.024865172803401947,0.1606925129890442,-33.95361328125,0.19240379333496094,0.08366566896438599,0.019597703590989113,0.15098673105239868,-33.95181655883789
205,0.6000000238418579,0.1944562792778015,0.02046912908554077,0.0035000655334442854,0.15599662065505981,0.15785199403762817,0.049059685319662094,0.29443198442459106,-33.851802825927734,0.18205046653747559,0.10000914335250854,0.027491355314850807,0.1364208608865738,-33.95930862426758,0.18699294328689575,0.08432215452194214,0.021542858332395554,0.13016505539417267,-33.96470642089844
206,0.6000000238418579,0.2004263997077942,0.032409489154815674,0.004297015722841024,0.13976341485977173,0.13321632146835327,0.041202809661626816,0.3051150143146515,-33.83433532714844,0.18775933980941772,0.10384589433670044,0.030307654291391373,0.16772374510765076,-33.94593811035156,0.17743253707885742,0.06940120458602905,0.020947184413671494,0.15911540389060974,-33.946041107177734
207,0.6000000238418579,0.19872063398361206,0.046055495738983154,0.004287689458578825,0.11042129993438721,0.1556149125099182,0.048119351267814636,0.6376742124557495,-33.304386138916016,0.18670779466629028,0.08471405506134033,0.0239768885076046,0.20288343727588654,-33.93901824951172,0.18408942222595215,0.08032363653182983,0.02188802696764469,0.1332986205816269,-33.963314056396484
208,0.6000000238418579,0.1944562792778015,0.02729213237762451,0.0039614601992070675,0.09041571617126465,0.1957882046699524,0.04806620627641678,0.7264569997787476,-33.110530853271484,0.19672828912734985,0.10910910367965698,0.02385449968278408,0.17338648438453674,-33.94403839111328,0.18361544609069824,0.09400147199630737,0.025776810944080353,0.17735065519809723,-33.9398307800293
209,0.6000000238418579,0.1944562792778015,0.023880600929260254,0.00418516481295228,0.1240534782409668,0.1538914442062378,0.04846522584557533,0.42416566610336304,-33.699039459228516,0.19129985570907593,0.10146719217300415,0.025292854756116867,0.14818859100341797,-33.95146560668945,0.1875094175338745,0.14144062995910645,0.019852539524435997,0.1493293046951294,-33.96068572998047
210,0.8999999761581421,0.12622594833374023,0.08102351427078247,0.00556934392079711,0.058726489543914795,0.13572895526885986,0.04277430474758148,0.47781094908714294,-33.602352142333984,0.09940958023071289,0.08441603183746338,0.0281460490077734,0.2640392482280731,-33.84563064575195,0.1083788275718689,0.09279429912567139,0.021945947781205177,0.19662952423095703,-33.89928436279297
211,0.8999999761581421,0.13049036264419556,0.030703604221343994,0.0035233711823821068,0.06689953804016113,0.14403778314590454,0.041701335459947586,0.47414204478263855,-33.62468719482422,0.10640019178390503,0.10409915447235107,0.028324225917458534,0.30309590697288513,-33.86061096191406,0.10870742797851562,0.06396377086639404,0.021281041204929352,0.19538694620132446,-33.90074157714844
212,0.8999999761581421,0.1270788311958313,0.05629003047943115,0.004753752611577511,0.07561743259429932,0.14249205589294434,0.04402348771691322,0.3945707678794861,-33.698463439941406,0.09409141540527344,0.07826066017150879,0.027308838441967964,0.3247597813606262,-33.83302307128906,0.11283189058303833,0.06505793333053589,0.0180104561150074,0.14817234873771667,-33.92399597167969
213,0.8999999761581421,0.13049036264419556,0.0486140251159668,0.005024060141295195,0.06303542852401733,0.16936272382736206,0.043610528111457825,0.4497896432876587,-33.63806915283203,0.10135161876678467,0.11740380525588989,0.025280842557549477,0.2632579803466797,-33.86643600463867,0.10625213384628296,0.0602571964263916,0.02179667167365551,0.1590251326560974,-33.91514205932617
214,0.8999999761581421,0.13049036264419556,0.07334762811660767,0.005452827084809542,0.05992680788040161,0.1725110411643982,0.04650945961475372,0.5059608817100525,-33.53990936279297,0.10079795122146606,0.09018880128860474,0.02557561919093132,0.28073108196258545,-33.859920501708984,0.10615134239196777,0.07146257162094116,0.01921401545405388,0.15145708620548248,-33.91928482055664
215,0.8999999761581421,0.1270788311958313,0.05629009008407593,0.006627289112657309,0.07135748863220215,0.19198918342590332,0.04540244862437248,0.47991716861724854,-33.64186477661133,0.10458296537399292,0.13260596990585327,0.027033179998397827,0.3733007311820984,-33.83900833129883,0.11221754550933838,0.06747496128082275,0.02065979316830635,0.1621280014514923,-33.914466857910156
216,0.8999999761581421,0.1270788311958313,0.06993603706359863,0.007205192465335131,0.07513564825057983,0.17815786600112915,0.04284106567502022,0.419915109872818,-33.6529655456543,0.09867632389068604,0.10760611295700073,0.027300838381052017,0.22278809547424316,-33.88037872314453,0.10463476181030273,0.11469674110412598,0.021884672343730927,0.22778958082199097,-33.89259719848633
217,0.8999999761581421,0.13049036264419556,0.059701383113861084,0.004888908937573433,0.078513503074646,0.19235765933990479,0.041066594421863556,0.43160659074783325,-33.6543083190918,0.10149091482162476,0.10111266374588013,0.023795712739229202,0.3090212345123291,-33.86539840698242,0.11082828044891357,0.06302088499069214,0.018431812524795532,0.2563330829143524,-33.89076232910156
218,0.8999999761581421,0.13049036264419556,0.09125804901123047,0.005546038970351219,0.07167059183120728,0.1558707356452942,0.04261602461338043,0.46280354261398315,-33.60482406616211,0.10891169309616089,0.09508663415908813,0.026962358504533768,0.28986990451812744,-33.8536491394043,0.10083556175231934,0.07521277666091919,0.019691064953804016,0.2516973316669464,-33.87174606323242
219,0.8999999761581421,0.1270788311958313,0.03923243284225464,0.004819002002477646,0.06236058473587036,0.2058790922164917,0.04585270211100578,0.4426385462284088,-33.63274002075195,0.11081904172897339,0.0719829797744751,0.02186891809105873,0.40745043754577637,-33.81772232055664,0.10783600807189941,0.07203096151351929,0.02240605652332306,0.25294846296310425,-33.88923263549805
220,1.2000000476837158,0.0886993408203125,0.07675909996032715,0.006948856636881828,0.05031478404998779,0.21262520551681519,0.048952050507068634,0.353570818901062,-33.766292572021484,0.073089599609375,0.08602029085159302,0.02137833647429943,0.35514408349990845,-33.829734802246094,0.07453292608261108,0.08741527795791626,0.022929729893803596,0.18145303428173065,-33.888465881347656
221,1.2000000476837158,0.08784645795822144,0.1211087703704834,0.0069675142876803875,0.06279933452606201,0.15804272890090942,0.04749010130763054,0.36991333961486816,-33.743080139160156,0.07483351230621338,0.11180704832077026,0.028976596891880035,0.29439327120780945,-33.83727264404297,0.0777696967124939,0.09102517366409302,0.024549582973122597,0.2016725093126297,-33.87166976928711
222,1.2000000476837158,0.0886993408203125,0.06140732765197754,0.00658069085329771,0.05693686008453369,0.18852978944778442,0.048095572739839554,0.2692870795726776,-33.822113037109375,0.073417067527771,0.09395241737365723,0.025679191574454308,0.3866123557090759,-33.80463790893555,0.07464110851287842,0.08237087726593018,0.02504401095211506,0.21631474792957306,-33.879241943359375
223,1.2000000476837158,0.08784645795822144,0.14413654804229736,0.00771320378407836,0.06828141212463379,0.21704113483428955,0.04639854654669762,0.30879855155944824,-33.79889678955078,0.06753373146057129,0.10051614046096802,0.02930602803826332,0.3827100396156311,-33.78729248046875,0.07667458057403564,0.08098191022872925,0.021885134279727936,0.21841977536678314,-33.86471939086914
224,1.2000000476837158,0.0886993408203125,0.1108742356300354,0.006725161336362362,0.056778132915496826,0.19151097536087036,0.04988734424114227,0.28648480772972107,-33.81178283691406,0.06922757625579834,0.13872653245925903,0.028359808027744293,0.23555365204811096,-33.8584098815918,0.07966643571853638,0.0840567946434021,0.023790493607521057,0.18399426341056824,-33.885555267333984
225,1.2000000476837158,0.08784645795822144,0.08699369430541992,0.006916242651641369,0.06532514095306396,0.14034929871559143,0.0400620736181736,0.31750574707984924,-33.80644989013672,0.07104331254959106,0.08555424213409424,0.028677918016910553,0.25723400712013245,-33.86081314086914,0.07994985580444336,0.07820338010787964,0.02280326373875141,0.18174709379673004,-33.88670349121094
226,1.2000000476837158,0.08784645795822144,0.08187627792358398,0.007997489534318447,0.06281691789627075,0.15148574113845825,0.05081522464752197,0.27322983741760254,-33.82719802856445,0.0649709701538086,0.09574675559997559,0.025385912507772446,0.2717887759208679,-33.84440612792969,0.07626736164093018,0.07018148899078369,0.022040048614144325,0.17327475547790527,-33.90010452270508
227,1.2000000476837158,0.08784645795822144,0.08528786897659302,0.007801752537488937,0.055556654930114746,0.15427705645561218,0.04641667380928993,0.2992456257343292,-33.78933334350586,0.07151186466217041,0.1211438775062561,0.026958506554365158,0.3196289837360382,-33.8279914855957,0.08496254682540894,0.0638914704322815,0.019510095939040184,0.1519678384065628,-33.89467239379883
228,1.2000000476837158,0.08784645795822144,0.12622594833374023,0.007685227319598198,0.04969358444213867,0.1587390899658203,0.046011682599782944,0.2560284733772278,-33.83205795288086,0.07559871673583984,0.09666931629180908,0.02901320531964302,0.3978225290775299,-33.82487106323242,0.07884496450424194,0.0731697678565979,0.021377120167016983,0.23003721237182617,-33.88654327392578
229,1.2000000476837158,0.08784645795822144,0.07334756851196289,0.00615657726302743,0.0642816424369812,0.17186009883880615,0.04896335303783417,0.34997501969337463,-33.78531265258789,0.06861543655395508,0.09341061115264893,0.027286898344755173,0.3314052224159241,-33.83219528198242,0.07590723037719727,0.07888799905776978,0.025501636788249016,0.17744337022304535,-33.89649963378906
230,1.5,0.07505327463150024,0.06737750768661499,0.006217155605554581,0.053561389446258545,0.13066965341567993,0.03725401684641838,0.2403094321489334,-33.849952697753906,0.05915623903274536,0.10962039232254028,0.025994177907705307,0.24547769129276276,-33.87434387207031,0.05464458465576172,0.08393555879592896,0.024156246334314346,0.22184084355831146,-33.87879180908203
231,1.5,0.07590615749359131,0.07761186361312866,0.005340971518307924,0.062080442905426025,0.17636370658874512,0.039035096764564514,0.19916266202926636,-33.86541748046875,0.052994728088378906,0.10617738962173462,0.030601760372519493,0.3398902118206024,-33.84382247924805,0.06082868576049805,0.10040748119354248,0.02350465953350067,0.15939611196517944,-33.892581939697266
232,1.5,0.07420039176940918,0.0648188591003418,0.0056765261106193066,0.0480685830116272,0.2097415328025818,0.04975379258394241,0.26703473925590515,-33.845680236816406,0.05881345272064209,0.0995328426361084,0.027439549565315247,0.1844921112060547,-33.88312911987305,0.06237727403640747,0.08132380247116089,0.026094770058989525,0.1519579440355301,-33.89756774902344
233,1.5,0.06823021173477173,0.10405111312866211,0.00787164457142353,0.047497570514678955,0.17787384986877441,0.04998142272233963,0.32083362340927124,-33.814918518066406,0.056244075298309326,0.08610278367996216,0.028378266841173172,0.22000958025455475,-33.86634826660156,0.05664777755737305,0.08706623315811157,0.02203698642551899,0.24648717045783997,-33.86298751831055
234,1.5,0.07505327463150024,0.05628997087478638,0.0052011506631970406,0.05515730381011963,0.21763527393341064,0.04495501145720482,0.2046898603439331,-33.8667106628418,0.05214482545852661,0.09621107578277588,0.028379587456583977,0.2329796999692917,-33.88235092163086,0.05053114891052246,0.07914590835571289,0.024499043822288513,0.24113862216472626,-33.88642501831055
235,1.5,0.07590615749359131,0.0886993408203125,0.00805807113647461,0.044372498989105225,0.14425402879714966,0.04760608822107315,0.2665746808052063,-33.840362548828125,0.059233248233795166,0.10812395811080933,0.028524966910481453,0.2293492555618286,-33.873470306396484,0.0560382604598999,0.08319419622421265,0.021959591656923294,0.21491366624832153,-33.87921905517578
236,1.5,0.07505327463150024,0.08443492650985718,0.0066832066513597965,0.05059254169464111,0.16194558143615723,0.04127626121044159,0.2529852092266083,-33.8460693359375,0.0502050518989563,0.09349274635314941,0.02828802727162838,0.2642192244529724,-33.85470962524414,0.059726178646087646,0.08741629123687744,0.02509886771440506,0.2628413140773773,-33.862308502197266
237,1.5,0.07505327463150024,0.11428570747375488,0.005471461918205023,0.04945915937423706,0.1397297978401184,0.045283738523721695,0.2407570332288742,-33.85794448852539,0.05360907316207886,0.08732336759567261,0.028075259178876877,0.3157886266708374,-33.864253997802734,0.06449192762374878,0.09362566471099854,0.02557305432856083,0.19502629339694977,-33.891944885253906
238,1.5,0.07505327463150024,0.06993609666824341,0.0065620229579508305,0.05980563163757324,0.1346614956855774,0.03918534517288208,0.22892872989177704,-33.865726470947266,0.054749250411987305,0.0991891622543335,0.029361022636294365,0.3293532133102417,-33.854244232177734,0.0635601282119751,0.08220463991165161,0.025075268000364304,0.26498091220855713,-33.871665954589844
239,1.5,0.07505327463150024,0.04434967041015625,0.006235793698579073,0.054032862186431885,0.2057967483997345,0.04995455965399742,0.23409104347229004,-33.848602294921875,0.06390583515167236,0.07375168800354004,0.023215169087052345,0.27690884470939636,-33.87557601928711,0.061730027198791504,0.07693737745285034,0.02106143720448017,0.16397956013679504,-33.8941764831543
240,1.7999999523162842,0.03155648708343506,0.07164180278778076,0.009857043623924255,0.04097825288772583,0.164964497089386,0.04017786309123039,0.26416534185409546,-33.82588577270508,0.044345855712890625,0.11532753705978394,0.03240437060594559,0.3288279175758362,-33.83843994140625,0.043410420417785645,0.11883777379989624,0.023189812898635864,0.2920956015586853,-33.846824645996094
241,1.7999999523162842,0.023027658462524414,0.6021322011947632,0.02006361447274685,0.05275052785873413,0.27104347944259644,0.04569343104958534,0.618590772151947,-33.37489700317383,0.04816007614135742,0.10373121500015259,0.028686413541436195,0.6408060789108276,-33.38308334350586,0.042000532150268555,0.08819115161895752,0.03164011985063553,0.613244354724884,-33.42434310913086
242,1.7999999523162842,0.03496795892715454,0.0801706314086914,0.010905657894909382,0.04323095083236694,0.24204158782958984,0.0456438846886158,0.2959412634372711,-33.795745849609375,0.048655807971954346,0.11805987358093262,0.03460719436407089,0.28184524178504944,-33.83974075317383,0.030559897422790527,0.12626802921295166,0.024720121175050735,0.3378443717956543,-33.830623626708984
243,1.7999999523162842,0.0486140251159668,0.09722816944122314,0.011628036387264729,0.05240511894226074,0.178381085395813,0.04822230711579323,0.2672942876815796,-33.81333923339844,0.05491149425506592,0.09906935691833496,0.028663305565714836,0.27169114351272583,-33.852256774902344,0.04468315839767456,0.10466504096984863,0.02503904700279236,0.27662068605422974,-33.84275436401367
244,1.7999999523162842,0.01705753803253174,0.1296374797821045,0.012042826972901821,0.0469014048576355,0.1643674373626709,0.04508129507303238,0.253706157207489,-33.81306076049805,0.054505228996276855,0.1553669571876526,0.026437612250447273,0.25839313864707947,-33.8440055847168,0.04574620723724365,0.07199645042419434,0.02537747658789158,0.24446962773799896,-33.849369049072266
245,1.7999999523162842,0.024733424186706543,0.09637540578842163,0.009661293588578701,0.04745137691497803,0.1584886908531189,0.046190809458494186,0.32844972610473633,-33.79407501220703,0.045065104961395264,0.09537220001220703,0.029315512627363205,0.30837714672088623,-33.82990646362305,0.05106627941131592,0.09323567152023315,0.0287610050290823,0.29620856046676636,-33.827762603759766
246,1.7999999523162842,0.01705753803253174,0.12622594833374023,0.011297141201794147,0.048941731452941895,0.26387715339660645,0.04756345599889755,0.3666573166847229,-33.74931335449219,0.056185245513916016,0.09677374362945557,0.0323825366795063,0.2885177731513977,-33.8017578125,0.047738492488861084,0.07979708909988403,0.024805840104818344,0.2875349521636963,-33.81306076049805
247,1.7999999523162842,0.02388054132461548,0.11940300464630127,0.010150652378797531,0.05296337604522705,0.24137753248214722,0.04242853820323944,0.2928128242492676,-33.79867935180664,0.048160672187805176,0.09596884250640869,0.030315181240439415,0.28474143147468567,-33.837276458740234,0.044174253940582275,0.08801263570785522,0.024413593113422394,0.2792988121509552,-33.84036636352539
248,1.7999999523162842,0.01705753803253174,0.12622594833374023,0.012378382496535778,0.035189151763916016,0.1923336386680603,0.04998521879315376,0.3819591999053955,-33.77204513549805,0.04481363296508789,0.12692582607269287,0.029139120131731033,0.3035035729408264,-33.82744216918945,0.0483933687210083,0.10034149885177612,0.02750510722398758,0.2628961205482483,-33.84100341796875
249,1.7999999523162842,0.02132195234298706,0.1722813844680786,0.013119414448738098,0.04734987020492554,0.12728697061538696,0.03999977186322212,0.2990376055240631,-33.78514099121094,0.04530906677246094,0.1002117395401001,0.02725919522345066,0.27644357085227966,-33.82708740234375,0.05699735879898071,0.07437098026275635,0.021210044622421265,0.2770738899707794,-33.82780075073242
