FOT,Random,RF,PR,BC_det,BC_det,BC_det,BC_nondet,BC_nondet,BC_nondet,GAIL_det_ppo,GAIL_det_ppo,GAIL_det_ppo,GAIL_nondet_ppo,GAIL_nondet_ppo,GAIL_nondet_ppo,BCxGAIL_det_ppo,BCxGAIL_det_ppo,BCxGAIL_det_ppo,BCxGAIL_nondet_ppo,BCxGAIL_nondet_ppo,BCxGAIL_nondet_ppo,
-0.03448275849223137,-0.03448275849223137,-0.03448275849223137,-0.03448275849223137,-0.03448275849223137,-0.03448275849223137,-0.03448275849223137,-0.03448275849223137,-0.03448275849223137,-0.03448275849223137,-0.03448275849223137,-0.03448275849223137,-0.03448275849223137,-0.03448275849223137,-0.03448275849223137,-0.03448275849223137,-0.03448275849223137,-0.03448275849223137,-0.03448275849223137,-0.03448275849223137,-0.03448275849223137,-0.03448275849223137,
-0.08045977354049683,-0.08045977354049683,-0.08045977354049683,-0.08045977354049683,-0.08045977354049683,-0.08045977354049683,-0.08045977354049683,-0.08045977354049683,-0.08045977354049683,-0.08045977354049683,-0.08045977354049683,-0.08045977354049683,-0.08045977354049683,-0.08045977354049683,-0.08045977354049683,-0.08045977354049683,-0.08045977354049683,-0.08045977354049683,-0.08045977354049683,-0.08045977354049683,-0.08045977354049683,-0.08045977354049683,
-0.03448275849223137,-0.03448275849223137,-0.03448275849223137,-0.03448275849223137,-0.03448275849223137,-0.03448275849223137,-0.03448275849223137,-0.03448275849223137,-0.03448275849223137,-0.03448275849223137,-0.03448275849223137,-0.03448275849223137,-0.03448275849223137,-0.03448275849223137,-0.03448275849223137,-0.03448275849223137,-0.03448275849223137,-0.03448275849223137,-0.03448275849223137,-0.03448275849223137,-0.03448275849223137,-0.03448275849223137,
-0.1034482792019844,-0.1034482792019844,-0.1034482792019844,-0.1034482792019844,-0.1034482792019844,-0.1034482792019844,-0.1034482792019844,-0.1034482792019844,-0.1034482792019844,-0.1034482792019844,-0.1034482792019844,-0.1034482792019844,-0.1034482792019844,-0.1034482792019844,-0.1034482792019844,-0.1034482792019844,-0.1034482792019844,-0.1034482792019844,-0.1034482792019844,-0.1034482792019844,-0.1034482792019844,-0.1034482792019844,
-0.12643678486347198,-0.12643678486347198,-0.12643678486347198,-0.12643678486347198,-0.12643678486347198,-0.12643678486347198,-0.12643678486347198,-0.12643678486347198,-0.12643678486347198,-0.12643678486347198,-0.12643678486347198,-0.12643678486347198,-0.12643678486347198,-0.12643678486347198,-0.12643678486347198,-0.12643678486347198,-0.12643678486347198,-0.12643678486347198,-0.12643678486347198,-0.12643678486347198,-0.12643678486347198,-0.12643678486347198,
-0.26436781883239746,-0.26436781883239746,-0.26436781883239746,-0.26436781883239746,-0.26436781883239746,-0.26436781883239746,-0.26436781883239746,-0.26436781883239746,-0.26436781883239746,-0.26436781883239746,-0.26436781883239746,-0.26436781883239746,-0.26436781883239746,-0.26436781883239746,-0.26436781883239746,-0.26436781883239746,-0.26436781883239746,-0.26436781883239746,-0.26436781883239746,-0.26436781883239746,-0.26436781883239746,-0.26436781883239746,
-0.4482758641242981,-0.4482758641242981,-0.4482758641242981,-0.4482758641242981,-0.4482758641242981,-0.4482758641242981,-0.4482758641242981,-0.4482758641242981,-0.4482758641242981,-0.4482758641242981,-0.4482758641242981,-0.4482758641242981,-0.4482758641242981,-0.4482758641242981,-0.4482758641242981,-0.4482758641242981,-0.4482758641242981,-0.4482758641242981,-0.4482758641242981,-0.4482758641242981,-0.4482758641242981,-0.4482758641242981,
-0.4712643623352051,-0.4712643623352051,-0.4712643623352051,-0.4712643623352051,-0.4712643623352051,-0.4712643623352051,-0.4712643623352051,-0.4712643623352051,-0.4712643623352051,-0.4712643623352051,-0.4712643623352051,-0.4712643623352051,-0.4712643623352051,-0.4712643623352051,-0.4712643623352051,-0.4712643623352051,-0.4712643623352051,-0.4712643623352051,-0.4712643623352051,-0.4712643623352051,-0.4712643623352051,-0.4712643623352051,
-0.4482758641242981,-0.4482758641242981,-0.4482758641242981,-0.4482758641242981,-0.4482758641242981,-0.4482758641242981,-0.4482758641242981,-0.4482758641242981,-0.4482758641242981,-0.4482758641242981,-0.4482758641242981,-0.4482758641242981,-0.4482758641242981,-0.4482758641242981,-0.4482758641242981,-0.4482758641242981,-0.4482758641242981,-0.4482758641242981,-0.4482758641242981,-0.4482758641242981,-0.4482758641242981,-0.4482758641242981,
-0.3333333432674408,-0.3333333432674408,-0.3333333432674408,-0.3333333432674408,-0.3333333432674408,-0.3333333432674408,-0.3333333432674408,-0.3333333432674408,-0.3333333432674408,-0.3333333432674408,-0.3333333432674408,-0.3333333432674408,-0.3333333432674408,-0.3333333432674408,-0.3333333432674408,-0.3333333432674408,-0.3333333432674408,-0.3333333432674408,-0.3333333432674408,-0.3333333432674408,-0.3333333432674408,-0.3333333432674408,
-0.14942528307437897,0.8976013660430908,-0.20666666518896817,-0.2070918220414389,-0.24285785853862762,-0.13186119496822357,-0.10858433693647385,-0.24005559086799622,-0.13213405013084412,-0.2127091884613037,-0.08051422238349915,-0.28494131565093994,-0.08051422238349915,-0.2788460850715637,-0.28441545367240906,-0.22020602226257324,-0.1983710378408432,-0.07504109293222427,-0.13558310270309448,-0.16175517439842224,-0.17826777696609497,-0.24523553252220154,
-0.01149425283074379,-0.3040722608566284,-0.0997701171413064,-0.0802854556533867,-0.11282901465892792,-0.06753640621900558,-0.03880231827497482,-0.205563485622406,-0.09852302074432373,-0.05710233002901077,0.06903522461652756,-0.2590807378292084,0.06903522461652756,0.6314032077789307,-0.20661836862564087,-0.034775733947753906,-0.09907299280166626,-0.06394552439451218,-0.07611192017793655,-0.024173803627490997,-0.07638382911682129,-0.13718818128108978,
0.08045977354049683,-0.944442093372345,0.027126437947154046,-0.01774500471196211,-0.020832916721701622,0.03155035898089409,0.06823687255382538,-0.015474174171686172,0.046307679265737534,-0.017985738813877106,0.1856243908405304,-0.24328158795833588,0.1856243908405304,0.5990599989891052,-0.15773293375968933,0.04099161550402641,0.0023124045692384243,-0.0543774776160717,0.005061426665633917,-0.019658783450722694,-0.021691948175430298,-0.1320083886384964,
-0.01149425283074379,-0.9514200091362,0.09103448335081339,-0.02995229883695616,0.054351963102817535,0.036861442029476166,-0.015166080556809902,0.02092081308364868,-0.04881931096315384,0.0711623877286911,0.18460670113563538,-0.23292779922485352,0.18460670113563538,0.3896193504333496,-0.15013746917247772,0.05911860242486,0.04057535156607628,-0.049448657780885696,-0.016972243785858154,0.052216656506061554,0.07087339460849762,0.055932581424713135,
-0.14942528307437897,-0.8233880996704102,0.009655172526836396,-0.08486685626058238,-0.02787097729742527,0.022618768736720085,-0.10896000266075134,0.08478858321905136,-0.13353028893470764,-0.05207628384232521,0.10920844227075577,-0.23237353563308716,0.10920844227075577,0.9936103820800781,-0.17138509452342987,0.03086595982313156,-0.024240106344223022,-0.055890798568725586,-0.12877292931079865,-0.04486062377691269,-0.08829302340745926,-0.1268550157546997,
-0.26436781883239746,0.3652609586715698,-0.12781609382480383,-0.14111135806475422,-0.16370336711406708,0.0030859331600368023,-0.20184199512004852,0.06264157593250275,-0.1929219663143158,-0.21317973732948303,0.017307287082076073,-0.2328176498413086,0.017307287082076073,0.04040960222482681,-0.20564450323581696,-0.007561719045042992,-0.16335135698318481,-0.06257329136133194,-0.22387903928756714,-0.08973713964223862,-0.22237862646579742,-0.13256479799747467,
-0.3563218414783478,-0.4241926074028015,-0.24528735622763634,-0.20031635656617236,-0.2917660176753998,-0.06466282904148102,-0.35844340920448303,-0.07804200798273087,-0.18983902037143707,-0.3071262538433075,-0.1356855183839798,-0.23241238296031952,-0.1356855183839798,-0.9708561897277832,-0.33463916182518005,-0.17041388154029846,-0.28978613018989563,-0.07528837770223618,-0.3419601619243622,-0.2393534779548645,-0.36897286772727966,-0.25794902443885803,
-0.4482758641242981,-0.2518400549888611,-0.3563218383491039,-0.2509749656651521,-0.3674190938472748,-0.08856276422739029,-0.38507479429244995,-0.20019756257534027,-0.22229577600955963,-0.2977222204208374,-0.23468850553035736,-0.23533283174037933,-0.23468850553035736,0.4453045725822449,-0.39178958535194397,-0.22697025537490845,-0.3414289951324463,-0.08424422889947891,-0.3946548104286194,-0.3320145905017853,-0.4696914851665497,-0.36518436670303345,
-0.3333333432674408,-0.3238784670829773,-0.42620689183473587,-0.28269831955508656,-0.36534881591796875,-0.1637892723083496,-0.3262215256690979,-0.3475535809993744,-0.2001783698797226,-0.26630112528800964,-0.30465418100357056,-0.23631371557712555,-0.30465418100357056,0.4632871150970459,-0.42349138855934143,-0.42407989501953125,-0.34463033080101013,-0.08921683579683304,-0.2930711507797241,-0.3369566798210144,-0.4215955138206482,-0.3760732114315033,
-0.2183908075094223,-0.42080122232437134,-0.2988505718111992,-0.26572330926056936,-0.2512570917606354,-0.17864002287387848,-0.21609802544116974,-0.4121522903442383,0.015838898718357086,-0.04622816666960716,-0.35979020595550537,-0.23539645969867706,-0.35979020595550537,-0.5917912125587463,-0.38702213764190674,-0.3534656763076782,-0.23982158303260803,-0.0904707983136177,-0.17015132308006287,-0.316732794046402,-0.30853065848350525,-0.3360912799835205,
-0.12643678486347198,-0.03788304328918457,-0.172183907777071,-0.1937405185350414,-0.13747459650039673,-0.19846773147583008,-0.09175390750169754,-0.2806021571159363,0.08988220244646072,-0.0021882280707359314,-0.3234207034111023,-0.23526205122470856,-0.3234207034111023,0.17666566371917725,-0.2651249170303345,-0.40721166133880615,-0.12169811129570007,-0.09022946655750275,-0.048262085765600204,-0.2252057045698166,-0.2824534475803375,-0.21577192842960358,
-0.05747126415371895,0.9830800294876099,-0.04919540327042341,-0.12333027206280711,-0.013003162108361721,-0.20353858172893524,-0.02559945173561573,-0.10722947120666504,0.2046383172273636,0.07523505389690399,-0.24332144856452942,-0.23508590459823608,-0.24332144856452942,-0.5097723007202148,-0.21155427396297455,-0.29729577898979187,-0.03471117094159126,-0.08970782905817032,0.015796970576047897,-0.09260715544223785,-0.14877796173095703,-0.1551058143377304,
-0.05747126415371895,0.1552901268005371,0.0022988512739539144,-0.07590834994914,0.06704917550086975,-0.1974671185016632,0.04267476126551628,-0.037455685436725616,-0.03216996043920517,-0.048628490418195724,-0.07755134254693985,-0.23492327332496643,-0.07755134254693985,-0.22701066732406616,-0.17776168882846832,-0.11029431223869324,0.032291561365127563,-0.08887951076030731,0.007449652999639511,-0.08241911232471466,-0.07258930802345276,-0.015944477170705795,
-0.12643678486347198,-0.7962265610694885,-0.04275862127542496,-0.04955025744493258,-0.0033923378214240074,-0.15297065675258636,-0.039602722972631454,-0.04220074787735939,-0.17516878247261047,-0.1605147421360016,0.06411661207675934,-0.23458249866962433,0.06411661207675934,-0.7298561930656433,-0.13233403861522675,0.01455394271761179,-0.03467607870697975,-0.0882168710231781,-0.07204320281744003,0.00032581016421318054,0.05335039645433426,0.05259902775287628,
-0.19540229439735413,0.3957710266113281,-0.1600000001862645,-0.05220610273419607,-0.1408475637435913,-0.11008363962173462,-0.14233876764774323,-0.12618808448314667,-0.20291078090667725,-0.13688498735427856,0.1540210098028183,-0.23449920117855072,0.1540210098028183,-0.48476195335388184,-0.1484108418226242,0.06664696335792542,-0.15491455793380737,-0.08763251453638077,-0.18413488566875458,-0.0020734407007694244,-0.09446220099925995,-0.024680107831954956,
-0.28735631704330444,-0.29321181774139404,-0.24045976921916007,-0.0886670050542338,-0.24057362973690033,-0.028913117945194244,-0.22026203572750092,-0.25549307465553284,-0.19401103258132935,-0.29758623242378235,0.14082744717597961,-0.23445366322994232,0.14082744717597961,-0.8237451910972595,-0.18343256413936615,0.04917014017701149,-0.2517530620098114,-0.08733029663562775,-0.3184182345867157,-0.11318895220756531,-0.1339397430419922,-0.16367404162883759,
-0.3563218414783478,0.1026073694229126,-0.3604597695171833,-0.13338518152914242,-0.3724217414855957,-0.021323762834072113,-0.3564671277999878,-0.3672504723072052,-0.05925507843494415,-0.338417649269104,0.049836695194244385,-0.23440107703208923,0.049836695194244385,-0.011626234278082848,-0.25934067368507385,0.018522845581173897,-0.33981382846832275,-0.08721060305833817,-0.3574783205986023,-0.2192128747701645,-0.22114363312721252,-0.2980138957500458,
-0.3103448152542114,0.22085273265838623,-0.39011494010686876,-0.20416123943121273,-0.42826783657073975,-0.029317054897546768,-0.3735680878162384,-0.32539457082748413,0.06613629311323166,-0.4712061882019043,-0.025487171486020088,-0.23437149822711945,-0.025487171486020088,-0.27234262228012085,-0.36721205711364746,-0.10961689800024033,-0.4047742486000061,-0.08723669499158859,-0.2857007086277008,-0.3215884268283844,-0.3476409614086151,-0.4366314113140106,
-0.08045977354049683,-0.42204368114471436,-0.29011494234204294,-0.2586209880179518,-0.3312987685203552,-0.03610099479556084,-0.30537357926368713,-0.3066427707672119,0.08515176177024841,-0.3340725302696228,-0.16336242854595184,-0.23441855609416962,-0.16336242854595184,-0.15027546882629395,-0.3913251459598541,-0.218849778175354,-0.32503101229667664,-0.08728211373090744,-0.14712542295455933,-0.4382081925868988,-0.3569180369377136,-0.23073330521583557,
0.01149425283074379,-0.9320411682128906,-0.13609195556491613,-0.2917498614309368,-0.20744869112968445,-0.08049610257148743,-0.19951875507831573,-0.0885571539402008,0.060130514204502106,-0.40047672390937805,-0.2539643943309784,-0.2344030737876892,-0.2539643943309784,0.3724828362464905,-0.4412212669849396,-0.36612218618392944,-0.2159881591796875,-0.08734612911939621,-0.035056911408901215,-0.3500748872756958,-0.3585394024848938,-0.3435201942920685,
0.05747126415371895,0.30831360816955566,-0.02620689697563648,-0.2897267107354795,-0.14772073924541473,-0.09928494691848755,-0.08175459504127502,0.04243002459406853,-0.04588238522410393,-0.18079087138175964,-0.3021099269390106,-0.23440583050251007,-0.3021099269390106,-0.32785284519195557,-0.34346500039100647,-0.4231681823730469,-0.10573169589042664,-0.08736705780029297,0.02741098962724209,-0.2677980363368988,-0.1251409947872162,-0.006222821772098541,
-0.1034482792019844,-0.860119104385376,0.03954023092985153,-0.26259148444515334,-0.03106636367738247,-0.14686164259910583,-0.02318701334297657,0.1020546481013298,-0.1646295040845871,-0.1993994116783142,-0.33075621724128723,-0.23443149030208588,-0.33075621724128723,0.4964035749435425,-0.27065423130989075,-0.42224442958831787,-0.01934554986655712,-0.08740238100290298,-0.0044560362584888935,-0.16781917214393616,-0.11083273589611053,0.042356543242931366,
-0.14942528307437897,0.4588545560836792,-0.04206896681338548,-0.2061378946893238,0.020560553297400475,-0.1509103775024414,0.03566237911581993,0.06228254735469818,-0.1745457798242569,-0.04355140030384064,-0.2763355076313019,-0.23442639410495758,-0.2763355076313019,-0.07029761373996735,-0.21177077293395996,-0.30533432960510254,0.02375536412000656,-0.08740837126970291,-0.1204419657588005,-0.13600851595401764,0.0651017501950264,0.13703010976314545,
-0.26436781883239746,0.4269998073577881,-0.16321839082986117,-0.11422021000462862,-0.015810290351510048,-0.15692506730556488,-0.050217825919389725,0.011030659079551697,-0.307890385389328,-0.05744113773107529,-0.16977234184741974,-0.23442518711090088,-0.16977234184741974,0.42951324582099915,-0.18809692561626434,-0.1465981900691986,-0.046034157276153564,-0.08740400522947311,-0.21201495826244354,-0.1163952648639679,-0.04057823121547699,0.06675504893064499,
-0.3563218414783478,-0.2866898775100708,-0.3174712646007538,-0.049690123446326895,-0.14944258332252502,-0.15516892075538635,-0.15140320360660553,-0.11909304559230804,-0.2811776101589203,-0.07772427797317505,-0.025233155116438866,-0.2344195544719696,-0.025233155116438866,0.7331010103225708,-0.15404894948005676,-0.034633222967386246,-0.17286735773086548,-0.08740949630737305,-0.3282511532306671,-0.11494272947311401,-0.10974133759737015,-0.03614449501037598,
-0.40229883790016174,0.7400778532028198,-0.38321838438510897,-0.013849498810014516,-0.23339316248893738,-0.14959721267223358,-0.2253427803516388,-0.2655293941497803,-0.23416291177272797,-0.10311245173215866,0.09626195579767227,-0.23441839218139648,0.09626195579767227,0.6079906225204468,-0.14766386151313782,0.05961568281054497,-0.28535744547843933,-0.08740825206041336,-0.3846825361251831,-0.2137758880853653,-0.20584559440612793,-0.18044830858707428,
-0.3103448152542114,0.6893975734710693,-0.3390804575383663,-0.01481423753465759,-0.3675203025341034,-0.14067672193050385,-0.35600414872169495,-0.4260348379611969,-0.15030968189239502,-0.15733446180820465,0.13823202252388,-0.23440472781658173,0.13823202252388,-0.06929628551006317,-0.14922136068344116,0.08412415534257889,-0.3371330499649048,-0.08740304410457611,-0.2861920893192291,-0.29839372634887695,-0.34693270921707153,-0.30664899945259094,
-0.17241379618644714,-0.9730808734893799,-0.23080459699034692,-0.03924599348336269,-0.41858163475990295,-0.1304532140493393,-0.37115058302879333,-0.4869317412376404,-0.1455216258764267,-0.2343670278787613,0.09969406574964523,-0.23438823223114014,0.09969406574964523,0.11813291907310486,-0.2192832976579666,-0.02711414359509945,-0.3393199145793915,-0.08739569783210754,-0.16801857948303223,-0.3924947679042816,-0.31803473830223083,-0.4054747223854065,
-0.05747126415371895,0.76145339012146,-0.10137931238859892,-0.08438644019966143,-0.3189429044723511,-0.12305538356304169,-0.30017778277397156,-0.37136155366897583,0.007429338991641998,-0.3197925388813019,0.009324658662080765,-0.23439329862594604,0.009324658662080765,0.0830724686384201,-0.2871171534061432,-0.06416869163513184,-0.2340831607580185,-0.08740602433681488,-0.039739739149808884,-0.21668660640716553,-0.37905213236808777,-0.3977796733379364,
-0.01149425283074379,0.5675815343856812,-0.011494252793490888,-0.16976668580703264,-0.1956321895122528,-0.11819513887166977,-0.19451233744621277,-0.18172219395637512,-0.12754935026168823,-0.29386818408966064,-0.08906795084476471,-0.23438918590545654,-0.08906795084476471,0.12848201394081116,-0.39915862679481506,-0.21310490369796753,-0.12336792796850204,-0.08740658313035965,0.02290019392967224,-0.00024191290140151978,-0.16163143515586853,-0.3004210293292999,
-0.05747126415371895,0.14876914024353027,0.034252873733639715,-0.25561346104993043,-0.13994763791561127,-0.1159968376159668,-0.0794214978814125,-0.08362139016389847,-0.2409486323595047,-0.43156713247299194,-0.1987779140472412,-0.23440960049629211,-0.1987779140472412,-0.10801157355308533,-0.4132125973701477,-0.37630292773246765,-0.03415839001536369,-0.0873984768986702,0.009075626730918884,0.04111916199326515,-0.08412431180477142,-0.16398686170578003,
-0.14942528307437897,-0.8275821208953857,-0.039770115464925766,-0.3017966490058138,-0.03709899261593819,-0.11709970980882645,-0.022971495985984802,-0.07173815369606018,-0.357250839471817,-0.3202786147594452,-0.282993882894516,-0.23437294363975525,-0.282993882894516,-0.13763919472694397,-0.4144042432308197,-0.4312768578529358,0.035035137087106705,-0.08740195631980896,-0.07314612716436386,0.17000272870063782,-0.040478095412254333,0.0027198977768421173,
-0.2183908075094223,-0.08665740489959717,-0.15034482691437007,-0.31012960154354124,0.009823690168559551,-0.11887408792972565,0.03328276798129082,-0.06592018157243729,-0.34535861015319824,-0.29871106147766113,-0.3281211853027344,-0.23440633714199066,-0.3281211853027344,-0.08762206137180328,-0.31783974170684814,-0.4714675545692444,-0.029000122100114822,-0.08739911764860153,-0.18388092517852783,0.08421079814434052,0.028611991554498672,0.10804873704910278,
-0.3333333432674408,0.5503137111663818,-0.22735632181167603,-0.2940021649152739,-0.029902728274464607,-0.12160103768110275,-0.05318112298846245,-0.28128913044929504,-0.32150155305862427,-0.06526514887809753,-0.31350094079971313,-0.23440681397914886,-0.31350094079971313,-0.5955462455749512,-0.2427482157945633,-0.311081200838089,-0.14860719442367554,-0.08739911764860153,-0.27680888772010803,-0.029862796887755394,-0.21333646774291992,0.12073613703250885,
-0.40229883790016174,0.6057772636413574,-0.3064367824792862,-0.2442502692178023,-0.15345904231071472,-0.12401522696018219,-0.15382392704486847,-0.2686796188354492,-0.06928770989179611,0.02246301993727684,-0.24151311814785004,-0.23442956805229187,-0.24151311814785004,-0.0031875604763627052,-0.2254161685705185,-0.19258920848369598,-0.2464550882577896,-0.08740196377038956,-0.3338523805141449,-0.213856041431427,-0.2740054428577423,-0.015412721782922745,
-0.3563218414783478,-0.14698737859725952,-0.35816092029213903,-0.16092572274252803,-0.2307043820619583,-0.12596099078655243,-0.22672374546527863,-0.4988357722759247,0.06629245728254318,0.12623170018196106,-0.08541503548622131,-0.2344270944595337,-0.08541503548622131,0.5016815662384033,-0.19689883291721344,-0.06499357521533966,-0.33623865246772766,-0.08740196377038956,-0.3362171947956085,-0.36757466197013855,-0.29855096340179443,-0.19601298868656158,
-0.2183908075094223,-0.01949411630630493,-0.2659770120680332,-0.0765236665243722,-0.3632041811943054,-0.12713564932346344,-0.35577893257141113,-0.3638803958892822,0.01972910761833191,0.06387997418642044,0.04941254481673241,-0.23443244397640228,0.04941254481673241,0.10190673172473907,-0.18962542712688446,0.04029960185289383,-0.4014807641506195,-0.08739735186100006,-0.20439870655536652,-0.40948596596717834,-0.3203941285610199,-0.3965180516242981,
-0.17241379618644714,0.9859251976013184,-0.12643678359687327,-0.02247695266400146,-0.4113231301307678,-0.12751756608486176,-0.3704362213611603,-0.3405231833457947,0.05033225566148758,-0.043604496866464615,0.1409924477338791,-0.23443126678466797,0.1409924477338791,-0.38470789790153503,-0.19431929290294647,0.04276999086141586,-0.3217410147190094,-0.08739735186100006,-0.10407126694917679,-0.37668758630752563,-0.15222837030887604,-0.4674794673919678,
-0.05747126415371895,-0.6470696926116943,-0.048275862894952296,-0.0068055587081505275,-0.3120880722999573,-0.12738335132598877,-0.29880380630493164,-0.18117274343967438,-0.055852897465229034,-0.13990649580955505,0.12899184226989746,-0.23440402746200562,0.12899184226989746,0.937976062297821,-0.22951945662498474,0.02657902054488659,-0.212881937623024,-0.087397500872612,0.00043656674097292125,-0.29068267345428467,-0.07193832099437714,-0.42746180295944214,
-0.01149425283074379,0.8509305715560913,-0.013103448376059533,-0.022625449941681516,-0.18764111399650574,-0.12686744332313538,-0.19305579364299774,-0.19421923160552979,-0.11816217750310898,-0.3898235261440277,0.04465408995747566,-0.23440518975257874,0.04465408995747566,-0.5068110823631287,-0.2455478012561798,-0.0221449863165617,-0.10164932161569595,-0.087397500872612,0.022777313366532326,-0.32127994298934937,0.05577157437801361,-0.23962828516960144,
0.01149425283074379,0.36538374423980713,-0.04597701191902161,-0.06066053589092246,-0.13505996763706207,-0.12621143460273743,-0.0788886547088623,-0.03497001528739929,-0.16467183828353882,-0.46248894929885864,-0.028958892449736595,-0.23439092934131622,-0.028958892449736595,0.5901479125022888,-0.17929407954216003,-0.1767800748348236,-0.01558118499815464,-0.08739708364009857,-0.02621762454509735,-0.153670072555542,-0.004951857030391693,-0.1220046728849411,
-0.1034482792019844,0.9841364622116089,-0.14965517293661834,-0.132066252716277,-0.037909407168626785,-0.12553825974464417,-0.02298271842300892,-0.10619370639324188,-0.31456834077835083,-0.5589684844017029,-0.15944406390190125,-0.23439523577690125,-0.15944406390190125,-0.3881988823413849,-0.22745129466056824,-0.2957500219345093,0.02553943544626236,-0.08739708364009857,-0.13431069254875183,-0.05809799209237099,-0.24653348326683044,0.0780220478773117,
-0.17241379618644714,0.07824039459228516,-0.22252873584628105,-0.22832505725796381,0.005826347507536411,-0.1249738410115242,0.03261634334921837,-0.19282501935958862,-0.2956884205341339,-0.3781290054321289,-0.2347806692123413,-0.23439396917819977,-0.2347806692123413,0.4932728409767151,-0.22319428622722626,-0.3966216742992401,-0.04548429325222969,-0.08739892393350601,-0.21373417973518372,0.018900150433182716,-0.3220829963684082,0.033797115087509155,
-0.2183908075094223,-0.2644464373588562,-0.305747130215168,-0.29062925895469893,-0.03535552695393562,-0.12464658915996552,-0.05403583496809006,-0.16997994482517242,-0.4212251603603363,-0.3694206178188324,-0.2889377772808075,-0.23440977931022644,-0.2889377772808075,0.5859658718109131,-0.21707120537757874,-0.4357081353664398,-0.1726786494255066,-0.0874033272266388,-0.32669275999069214,0.008343338966369629,-0.37907567620277405,-0.009228605777025223,
-0.3563218414783478,-0.9655246734619141,-0.3806896489858627,-0.31771735427515285,-0.15514801442623138,-0.12450220435857773,-0.1545484960079193,-0.34621191024780273,-0.27362310886383057,-0.13752968609333038,-0.3388322591781616,-0.23437294363975525,-0.3388322591781616,-0.3548215925693512,-0.2715643644332886,-0.35208743810653687,-0.2855806350708008,-0.0874033272266388,-0.3799559473991394,-0.10351035743951797,-0.31904229521751404,-0.1521226465702057,
-0.3563218414783478,-0.023696482181549072,-0.2988505756855011,-0.31471983515402513,-0.22884677350521088,-0.1245025023818016,-0.22706164419651031,-0.2466595619916916,-0.27349621057510376,-0.1848265379667282,-0.29406872391700745,-0.23441341519355774,-0.29406872391700745,0.6984812021255493,-0.278535395860672,-0.2701013386249542,-0.33774760365486145,-0.0874033272266388,-0.2859571874141693,-0.16077086329460144,-0.18465262651443481,-0.23034727573394775,
-0.2183908075094223,-0.3342503309249878,-0.1678160920739174,-0.27906224981665173,-0.3609095513820648,-0.12465930730104446,-0.35561469197273254,-0.26185837388038635,0.04005293548107147,-0.03799157962203026,-0.21661514043807983,-0.23436766862869263,-0.21661514043807983,-0.695514440536499,-0.2585926055908203,-0.0932551920413971,-0.33994215726852417,-0.0874033272266388,-0.17092041671276093,-0.3153165876865387,-0.21173588931560516,-0.36239001154899597,
-0.12643678486347198,-0.3307165503501892,-0.08873563442379236,-0.20983734672296506,-0.40894752740859985,-0.124831922352314,-0.3701212406158447,-0.11245333403348923,-0.0818612277507782,-0.11964428424835205,-0.05831402912735939,-0.2344285100698471,-0.05831402912735939,-0.518016517162323,-0.24792218208312988,-0.010795606300234795,-0.23515787720680237,-0.087403304874897,-0.03950773552060127,-0.3587581515312195,-0.01376400887966156,-0.42216184735298157,
0.01149425283074379,0.09310638904571533,-0.019540229812264442,-0.10997687094527764,-0.30861175060272217,-0.12502765655517578,-0.29841348528862,-0.06271715462207794,0.1043110117316246,-0.13635045289993286,0.07361599802970886,-0.23441050946712494,0.07361599802970886,-0.6228167414665222,-0.1989801675081253,0.08863300085067749,-0.1234435960650444,-0.087403304874897,0.023231858387589455,-0.4312511086463928,-0.007117977365851402,-0.36420169472694397,
0.05747126415371895,0.9428088665008545,-0.03448275897651911,-0.04369773680975686,-0.18491318821907043,-0.12514591217041016,-0.19267873466014862,0.035315535962581635,0.005553241819143295,-0.17026793956756592,0.15331599116325378,-0.2344299703836441,0.15331599116325378,0.05221738666296005,-0.20763488113880157,0.09019339084625244,-0.03509146347641945,-0.08740220218896866,0.007497773505747318,-0.3626476228237152,0.12917783856391907,-0.2083999663591385,
0.01149425283074379,0.17444133758544922,-0.1351724150404334,-0.01293373002670109,-0.13347405195236206,-0.12523746490478516,-0.07872625440359116,-0.05279349535703659,-0.15473046898841858,-0.18763095140457153,0.13192813098430634,-0.2344336360692978,0.13192813098430634,0.3210791349411011,-0.17748568952083588,0.05809125676751137,0.03388982638716698,-0.08740220218896866,-0.07360963523387909,-0.2994433641433716,0.03313517943024635,-0.10195324569940567,
-0.1034482792019844,0.9238636493682861,-0.22781609237194062,-0.020013950675892428,-0.03842083737254143,-0.12525790929794312,-0.022953124716877937,-0.1772376149892807,-0.17832084000110626,-0.3831321597099304,0.03774377331137657,-0.23443512618541718,0.03774377331137657,-0.23118042945861816,-0.2188103199005127,-0.09932025521993637,-0.03063048981130123,-0.08740220218896866,-0.18408958613872528,-0.16384853422641754,-0.08508417010307312,-0.06665974110364914,
-0.24137930572032928,-0.0930708646774292,-0.29563218653202056,-0.04884246535066525,0.003793614450842142,-0.12523940205574036,0.03247551992535591,-0.28579258918762207,-0.3678753972053528,-0.32941070199012756,-0.03532363846898079,-0.23441985249519348,-0.03532363846898079,-0.5716861486434937,-0.17580972611904144,-0.2806275486946106,-0.1499546617269516,-0.08740220218896866,-0.31733307242393494,-0.16136640310287476,-0.2594020962715149,0.05887717753648758,
-0.4252873659133911,-0.11786901950836182,-0.358160914927721,-0.09828628988577513,-0.03770861774682999,-0.12520736455917358,-0.05426541715860367,-0.30558139085769653,-0.3318476974964142,-0.25281837582588196,-0.1741757094860077,-0.23440513014793396,-0.1741757094860077,0.3838631212711334,-0.25257253646850586,-0.35826244950294495,-0.24744433164596558,-0.08740220218896866,-0.3583570718765259,0.051970288157463074,-0.31646186113357544,-0.04197799414396286,
-0.4482758641242981,0.6611571311950684,-0.29816091924905774,-0.1853912678713211,-0.15580891072750092,-0.12515699863433838,-0.1546717882156372,-0.30690932273864746,-0.44368240237236023,-0.13172242045402527,-0.26015567779541016,-0.23440484702587128,-0.26015567779541016,0.5089489817619324,-0.25470349192619324,-0.38074272871017456,-0.3366389274597168,-0.08740220218896866,-0.2852141559123993,0.13135181367397308,-0.32817670702934265,-0.11892173439264297,
-0.37931033968925476,-0.005012214183807373,-0.15586206916719675,-0.2541369854069736,-0.2280462384223938,-0.12513062357902527,-0.22727753221988678,-0.20661409199237823,-0.36399704217910767,-0.06893225014209747,-0.3036429286003113,-0.2343989610671997,-0.3036429286003113,-0.8535032868385315,-0.32175594568252563,-0.45036497712135315,-0.40159159898757935,-0.08740220218896866,-0.1479865461587906,0.12086053192615509,-0.30443236231803894,-0.31450867652893066,
-0.28735631704330444,0.5006524324417114,-0.06896551892161369,-0.2894520621589749,-0.359989732503891,-0.12511353194713593,-0.35559675097465515,-0.17861422896385193,-0.40972089767456055,0.09075521677732468,-0.3294192850589752,-0.23439529538154602,-0.3294192850589752,0.021849727258086205,-0.30622443556785583,-0.3477683961391449,-0.3219669461250305,-0.08740220218896866,-0.03425398841500282,0.005805496126413345,-0.06444250047206879,-0.34421873092651367,
-0.12643678486347198,0.5371377468109131,-0.004137930758297444,-0.2823655066903324,-0.4078722298145294,-0.12510128319263458,-0.370062917470932,-0.21457621455192566,-0.16407886147499084,-0.05958931893110275,-0.27091214060783386,-0.2343885749578476,-0.27091214060783386,-0.8949561715126038,-0.27455276250839233,-0.16891467571258545,-0.21307457983493805,-0.08740220218896866,0.028336137533187866,-0.15598593652248383,-0.0005976613610982895,-0.41914668679237366,
-0.05747126415371895,0.10404074192047119,-0.04390804599970579,-0.24702197456192526,-0.3077687919139862,-0.12510111927986145,-0.29831475019454956,-0.08441652357578278,-0.2592330276966095,-0.1551191359758377,-0.16431282460689545,-0.23439310491085052,-0.16431282460689545,0.08317120373249054,-0.24620218575000763,-0.02571147307753563,-0.10215344280004501,-0.08740220218896866,-0.004051310941576958,-0.294019877910614,0.17929814755916595,-0.2928350865840912,
0.01149425283074379,0.610723614692688,-0.12137931138277054,-0.18262085758349078,-0.18415343761444092,-0.12508973479270935,-0.19245997071266174,-0.09863275289535522,-0.09447156637907028,-0.24106191098690033,-0.020213378593325615,-0.23437067866325378,-0.020213378593325615,-0.7029311060905457,-0.2239142805337906,0.052085213363170624,-0.016057761386036873,-0.08740220218896866,-0.12027405202388763,-0.39992326498031616,0.007889606058597565,-0.12420785427093506,
-0.05747126415371895,0.8234127759933472,-0.22367816112935543,-0.10315944734295579,-0.13272634148597717,-0.1250905990600586,-0.07857655733823776,-0.02404480054974556,-0.1815512478351593,-0.29328086972236633,0.09933025389909744,-0.23436374962329865,0.09933025389909744,0.06478554755449295,-0.20887988805770874,0.09266728907823563,0.025388862937688828,-0.08740220218896866,-0.21199029684066772,-0.46071648597717285,-0.11259375512599945,0.01830912008881569,
-0.26436781883239746,-0.4925859570503235,-0.30321839585900306,-0.04427110286717084,-0.03832631558179855,-0.12508511543273926,-0.022929858416318893,-0.11063922941684723,-0.0025936365127563477,-0.46495121717453003,0.1399415284395218,-0.23441101610660553,0.1399415284395218,0.27103346586227417,-0.17870163917541504,-0.011507449671626091,-0.04561832174658775,-0.08740220218896866,-0.3282333314418793,-0.433041512966156,-0.20491740107536316,0.01560312882065773,
-0.40229883790016174,0.18461859226226807,-0.3836781537532806,-0.021841176693298048,0.0035800724290311337,-0.12508279085159302,0.03237634524703026,-0.28219008445739746,-0.09575577080249786,-0.3337189555168152,0.09885424375534058,-0.23440676927566528,0.09885424375534058,0.41577258706092834,-0.18420034646987915,-0.07755061984062195,-0.17264871299266815,-0.08740220218896866,-0.38481107354164124,-0.2945706248283386,-0.2474614530801773,-0.0534852109849453,
-0.4712643623352051,0.9577757120132446,-0.3034482777118683,-0.039329016192646477,-0.03817623108625412,-0.12509815394878387,-0.05433257296681404,-0.3544518053531647,-0.1333271563053131,-0.345813512802124,0.007695025764405727,-0.23442576825618744,0.007695025764405727,0.7339266538619995,-0.20347145199775696,-0.13618488609790802,-0.2854779064655304,-0.08740220218896866,-0.2861631214618683,-0.19488877058029175,-0.2976098954677582,-0.18607833981513977,
-0.40229883790016174,-0.8188982605934143,-0.16000000067055226,-0.07366253016629651,-0.15582935512065887,-0.12510475516319275,-0.15473946928977966,-0.44209834933280945,-0.1827944815158844,-0.17718753218650818,-0.09084799140691757,-0.23443858325481415,-0.09084799140691757,0.7468258738517761,-0.2737463116645813,-0.27829867601394653,-0.3376198709011078,-0.08740220218896866,-0.1681947112083435,-0.14461155235767365,-0.3122459948062897,-0.20059962570667267,
-0.3563218414783478,0.7812610864639282,-0.05655172545462847,-0.13816715325850795,-0.22781918942928314,-0.12510637938976288,-0.22727003693580627,-0.30439087748527527,-0.2004748433828354,-0.2520766854286194,-0.20144695043563843,-0.2344256043434143,-0.20144695043563843,-0.31432071328163147,-0.21519587934017181,-0.39020493626594543,-0.3398289084434509,-0.08740220218896866,-0.03958914801478386,-0.04810835048556328,-0.1331883668899536,-0.3084977865219116,
-0.05747126415371895,0.341030478477478,-0.0018390800803899765,-0.23032964840031123,-0.35987481474876404,-0.1251101791858673,-0.355603963136673,-0.20776382088661194,-0.24780499935150146,-0.1083911657333374,-0.2848266065120697,-0.23443616926670074,-0.2848266065120697,-0.04602018743753433,-0.27069008350372314,-0.44569945335388184,-0.23505190014839172,-0.08740220218896866,0.02302832156419754,0.1302844136953354,0.0011897021904587746,-0.21371252834796906,
-0.01149425283074379,0.6754601001739502,-0.05149425327777862,-0.29401454787828785,-0.40796104073524475,-0.1251041442155838,-0.3700540065765381,-0.05189847573637962,-0.3100469410419464,-0.2404193878173828,-0.3293097913265228,-0.23442186415195465,-0.3293097913265228,-0.2803727984428406,-0.21635611355304718,-0.43619370460510254,-0.12344852834939957,-0.08740220218896866,0.009084567427635193,0.023718954995274544,0.07423646003007889,-0.09051071852445602,
0.01149425283074379,0.7928259372711182,-0.19770114943385125,-0.32425686814142207,-0.3076094686985016,-0.1251041442155838,-0.29834553599357605,0.12322177737951279,-0.22247149050235748,-0.13358020782470703,-0.3137666881084442,-0.23441718518733978,-0.3137666881084442,-0.21267177164554596,-0.25005725026130676,-0.26836246252059937,-0.03496038541197777,-0.08740220218896866,-0.07313612103462219,-0.06337765604257584,-0.13048100471496582,-0.05279472842812538,
-0.05747126415371895,-0.07741892337799072,-0.33218390613794324,-0.32348336267672184,-0.18405699729919434,-0.12509915232658386,-0.19246253371238708,0.23897698521614075,-0.0742630660533905,-0.24701687693595886,-0.2407759130001068,-0.23438750207424164,-0.2407759130001068,-0.7245914340019226,-0.1969989687204361,-0.15469257533550262,0.03409430757164955,-0.08740220218896866,-0.18381980061531067,-0.15683235228061676,-0.11318520456552505,0.1389881819486618,
0.03448275849223137,0.9048707485198975,-0.3813793075084686,-0.29091932060953096,-0.13269363343715668,-0.12509915232658386,-0.07856322079896927,0.09298747777938843,-0.05732393264770508,-0.16138994693756104,-0.08441425859928131,-0.23439757525920868,-0.08441425859928131,-0.24768732488155365,-0.21708180010318756,-0.02908462844789028,-0.030120549723505974,-0.08740220218896866,-0.27676108479499817,-0.1939585953950882,-0.24293851852416992,-0.014565395191311836,
0.26436781883239746,-0.2750944495201111,-0.30183907702565194,-0.2247269312018641,-0.03834722936153412,-0.12510284781455994,-0.02292885258793831,-0.021761616691946983,-0.01815246045589447,-0.2880449593067169,0.050472624599933624,-0.23438814282417297,0.050472624599933624,0.09703746438026428,-0.18409831821918488,0.06730473786592484,-0.14926953613758087,-0.08740220218896866,-0.33374112844467163,-0.3685588538646698,-0.4185869097709656,-0.15801000595092773,
0.01149425283074379,-0.2129124402999878,-0.1485057480633259,-0.1262910316402508,0.003477799706161022,-0.12510284781455994,0.032369907945394516,-0.15811751782894135,-0.15801730751991272,-0.26153630018234253,0.1418459117412567,-0.23441779613494873,0.1418459117412567,-0.4150477349758148,-0.21829210221767426,0.04064719378948212,-0.2468544989824295,-0.08740220218896866,-0.3361663818359375,-0.47146087884902954,-0.3112800121307373,-0.26663151383399963,
-0.12643678486347198,0.12081539630889893,-0.0549425295367837,-0.059516198103196805,-0.03824940696358681,-0.12510284781455994,-0.054343368858098984,-0.27170443534851074,-0.24156513810157776,-0.23035652935504913,0.12948010861873627,-0.23439273238182068,0.12948010861873627,0.24764057993888855,-0.20375992357730865,0.014490356668829918,-0.33624520897865295,-0.08740220218896866,-0.2043912559747696,-0.3739376664161682,-0.413479745388031,-0.4167352318763733,
-0.3333333432674408,-0.6669723391532898,-0.0013793101534247398,-0.026231963983514905,-0.1558026373386383,-0.12510284781455994,-0.15484961867332458,-0.41361603140830994,-0.3750430643558502,-0.14443308115005493,0.04481162503361702,-0.23440630733966827,0.04481162503361702,0.481627881526947,-0.1962924599647522,-0.1290714591741562,-0.40128523111343384,-0.08740220218896866,-0.10425272583961487,-0.24139544367790222,-0.07389552891254425,-0.4660694897174835,
-0.4712643623352051,-0.5545694828033447,-0.06574712749570608,-0.03150789401810865,-0.22780334949493408,-0.12510284781455994,-0.22729986906051636,-0.45787960290908813,-0.3200124502182007,-0.18253695964813232,-0.029113417491316795,-0.23440611362457275,-0.029113417491316795,-0.9735133051872253,-0.24947918951511383,-0.2277330756187439,-0.3218410015106201,-0.08740220218896866,0.0004319138533901423,-0.14967948198318481,-0.007998475804924965,-0.35663098096847534,
-0.49425286054611206,-0.9146019220352173,-0.20597701013088227,-0.058593580131866774,-0.35952088236808777,-0.12510284781455994,-0.3558393120765686,-0.381247341632843,-0.31070661544799805,-0.044061917811632156,-0.15977346897125244,-0.23442983627319336,-0.15977346897125244,0.25256362557411194,-0.2149234265089035,-0.3727606534957886,-0.21264876425266266,-0.08740220218896866,0.022754622623324394,-0.0242450013756752,0.09371999651193619,-0.0837273970246315,
-0.4252873659133911,0.7176108360290527,-0.3273563167452812,-0.10711348467557352,-0.4073445200920105,-0.12510284781455994,-0.37027645111083984,-0.21501004695892334,-0.15403206646442413,-0.128464475274086,-0.23519739508628845,-0.23442497849464417,-0.23519739508628845,1.2365105152130127,-0.19245165586471558,-0.419155478477478,-0.10174176096916199,-0.08740220218896866,-0.02623450942337513,0.027033448219299316,-0.02754024602472782,0.03665091097354889,
-0.3563218414783478,-0.5716127157211304,-0.3894252833724022,-0.1941434051825885,-0.30700841546058655,-0.12510284781455994,-0.29829779267311096,-0.19777406752109528,-0.013590499758720398,-0.17988070845603943,-0.2893713116645813,-0.23443256318569183,-0.2893713116645813,0.44125911593437195,-0.1713126003742218,-0.43424639105796814,-0.015604659914970398,-0.08740220218896866,-0.13429421186447144,-0.07609167695045471,-0.037996865808963776,-0.012213937938213348,
-0.3333333432674408,0.7227178812026978,-0.3016091914474964,-0.2635422618357883,-0.18313230574131012,-0.12510284781455994,-0.19253511726856232,-0.08934913575649261,0.05223442614078522,-0.15553203225135803,-0.3390912413597107,-0.23443256318569183,-0.3390912413597107,0.028174519538879395,-0.15556541085243225,-0.31916338205337524,0.026028765365481377,-0.08740220218896866,-0.2137439101934433,-0.14315451681613922,-0.2110798954963684,-0.033376459032297134,
-0.26436781883239746,-0.21408212184906006,-0.15264367952942848,-0.30032767027069823,-0.07560475170612335,-0.12510284781455994,-0.07847325503826141,-0.03357646241784096,-0.020491275936365128,-0.21084585785865784,-0.2944008708000183,-0.23440402746200562,-0.2944008708000183,-0.6155860424041748,-0.18840990960597992,-0.1881827414035797,-0.04486468434333801,-0.08740220218896866,-0.3267332911491394,-0.30295661091804504,-0.3329702913761139,-0.13778725266456604,
-0.12643678486347198,-0.6116148233413696,-0.05540229968726635,-0.2947726995355737,-0.0021669643465429544,-0.12510284781455994,-0.022800356149673462,0.04437892138957977,-0.1004112958908081,-0.22368602454662323,-0.21673543751239777,-0.23440518975257874,-0.21673543751239777,0.414051353931427,-0.19417530298233032,-0.055744193494319916,-0.17197145521640778,-0.08740220218896866,-0.37991824746131897,-0.39172106981277466,-0.3262276351451874,-0.2274957299232483,
-0.05747126415371895,0.5564724206924438,-0.0018390802666544913,-0.26175754526948053,-0.04052937403321266,-0.12510284781455994,0.032449107617139816,-0.030258364975452423,-0.18115967512130737,-0.31602412462234497,-0.0582084022462368,-0.23439092934131622,-0.0582084022462368,0.07299357652664185,-0.30558261275291443,0.02871020883321762,-0.28519943356513977,-0.08740220218896866,-0.2859252989292145,-0.4396686553955078,-0.2049921303987503,-0.4261333644390106,
-0.01149425283074379,-0.39144009351730347,-0.06528735734522342,-0.1988733234167458,-0.14811977744102478,-0.12510284781455994,-0.054328709840774536,-0.10681675374507904,-0.2819567620754242,-0.23584243655204773,0.07370379567146301,-0.23439523577690125,0.07370379567146301,-0.7705909013748169,-0.3665858805179596,0.0733998715877533,-0.33743923902511597,-0.08740220218896866,-0.1709260493516922,-0.2937394678592682,-0.08610615134239197,-0.4532511830329895,
-0.12643678486347198,0.928983211517334,-0.20574712499976158,-0.10190672484239283,-0.23289597034454346,-0.12510284781455994,-0.154819518327713,-0.19594331085681915,-0.350439190864563,-0.14466649293899536,0.1534862071275711,-0.23439396917819977,0.1534862071275711,-0.06164420396089554,-0.3374316096305847,-0.006887052208185196,-0.3395934998989105,-0.08740220218896866,-0.03952235355973244,-0.18571075797080994,0.04823528975248337,-0.41221460700035095,
-0.19540229439735413,0.30599498748779297,-0.32712643176317213,-0.03353797340442738,-0.3360575735569,-0.12510284781455994,-0.2273000180721283,-0.37891992926597595,-0.21502314507961273,-0.07922647148370743,0.13205546140670776,-0.23440977931022644,0.13205546140670776,-0.645238995552063,-0.33104658126831055,-0.04165097326040268,-0.23494747281074524,-0.08740220218896866,0.023227499797940254,-0.05054834485054016,0.1269885003566742,-0.3088730573654175,
-0.3103448152542114,0.21954405307769775,-0.38873562812805174,0.001929171058552115,-0.4037240743637085,-0.12510284781455994,-0.35586997866630554,-0.3957253694534302,-0.2868511378765106,-0.08859062939882278,0.037741146981716156,-0.23437294363975525,0.037741146981716156,-1.1427394151687622,-0.23315416276454926,-0.140577495098114,-0.12304385751485825,-0.08740220218896866,0.007491906639188528,-0.02227996662259102,0.06291022151708603,-0.21305136382579803,
-0.3563218414783478,-0.16270852088928223,-0.3018390764296055,-0.002017154669363211,-0.315326064825058,-0.12510284781455994,-0.37027934193611145,-0.3987140655517578,-0.09987068921327591,-0.1743389368057251,-0.035131294280290604,-0.23441341519355774,-0.035131294280290604,-0.45099306106567383,-0.23114417493343353,-0.25822168588638306,-0.034873347729444504,-0.08740220218896866,-0.07362142950296402,0.12181872129440308,-0.028336461633443832,-0.17064227163791656,
-0.19540229439735413,0.4208509922027588,-0.15149425402283667,-0.029300246120979437,-0.19283850491046906,-0.12510284781455994,-0.2984183728694916,-0.1079188659787178,0.0026644840836524963,-0.22622813284397125,-0.17421510815620422,-0.23436766862869263,-0.17421510815620422,0.31083887815475464,-0.16292312741279602,-0.3382856249809265,0.03388366848230362,-0.08740220218896866,-0.1840415894985199,0.037855952978134155,-0.2558761239051819,-0.035325828939676285,
-0.1034482792019844,0.09988927841186523,-0.05471264448016882,-0.07784024013365098,-0.11911152303218842,-0.12510284781455994,-0.1925373524427414,0.04378362372517586,0.024674853309988976,-0.28936827182769775,-0.2601509392261505,-0.2344285100698471,-0.2601509392261505,0.9242600798606873,-0.2101161777973175,-0.3701901137828827,-0.03062959760427475,-0.08740220218896866,-0.3173213005065918,0.014150012284517288,-0.20868916809558868,-0.06076740473508835,
