,controller config,fot safety,fot comfort,fot mean comfort,BC_nondet best_loss safety,BC_nondet best_loss comfort,BC_nondet best_loss mean comfort,BC_nondet best_loss euclidean,BC_nondet best_loss dtw,BC_nondet best_eucl safety,BC_nondet best_eucl comfort,BC_nondet best_eucl mean comfort,BC_nondet best_eucl euclidean,BC_nondet best_eucl dtw,BC_nondet best_dtw safety,BC_nondet best_dtw comfort,BC_nondet best_dtw mean comfort,BC_nondet best_dtw euclidean,BC_nondet best_dtw dtw
0,10.0,0.4367816150188446,0.6206896901130676,0.11864183098077774,0.3010340929031372,0.533894419670105,0.1350509524345398,2.2836978435516357,-13.491247177124023,0.35739001631736755,0.5420913696289062,0.1766550987958908,1.9925663471221924,-13.441043853759766,0.344009667634964,0.45375722646713257,0.12133680284023285,1.6907907724380493,-13.25078010559082
1,10.0,0.3218390643596649,0.436781644821167,0.09565332531929016,0.3232190012931824,0.5049827098846436,0.11927274614572525,1.7271411418914795,-13.986573219299316,0.3101750314235687,0.4132697582244873,0.13231274485588074,1.7645424604415894,-13.299447059631348,0.38928356766700745,0.46000516414642334,0.1372305005788803,1.7317912578582764,-13.180015563964844
2,10.0,0.2988505959510803,0.41379308700561523,0.1070154532790184,0.33358606696128845,0.4417942762374878,0.13472631573677063,1.834237813949585,-13.378153800964355,0.3794150650501251,0.4678032100200653,0.1794726848602295,2.012807607650757,-13.278398513793945,0.28437402844429016,0.4708322286605835,0.1273123025894165,1.6213314533233643,-13.63090705871582
3,10.0,0.48275861144065857,0.6436781883239746,0.13291054964065552,0.4015231728553772,0.41098710894584656,0.1294843554496765,2.6575987339019775,-12.471142768859863,0.3496875464916229,0.4278842508792877,0.13252657651901245,1.8375366926193237,-12.657317161560059,0.38754376769065857,0.4691393971443176,0.15555228292942047,2.0907301902770996,-12.75313949584961
4,10.0,0.27586206793785095,0.4137931168079376,0.09750298410654068,0.3749082088470459,0.4336428642272949,0.10745362192392349,1.8822413682937622,-12.867344856262207,0.3304123282432556,0.46516913175582886,0.13954795897006989,1.5046918392181396,-13.457298278808594,0.3518500030040741,0.5527703762054443,0.14476725459098816,1.466374397277832,-13.379737854003906
5,10.0,0.4597701132297516,0.3448275923728943,0.12868277728557587,0.4547443091869354,0.605578601360321,0.17577873170375824,2.1778175830841064,-11.521224975585938,0.4160880148410797,0.6275390982627869,0.16984879970550537,2.356320381164551,-11.725547790527344,0.4487307667732239,0.5252520442008972,0.14956015348434448,2.714440107345581,-10.793210983276367
6,10.0,0.36781609058380127,0.4597701132297516,0.10807240009307861,0.36567026376724243,0.544367790222168,0.13999778032302856,1.9370272159576416,-12.690876960754395,0.44755247235298157,0.49151328206062317,0.15499600768089294,1.9728243350982666,-12.911018371582031,0.4528426229953766,0.5556605458259583,0.15122033655643463,1.8300834894180298,-12.76582145690918
7,10.0,0.29885056614875793,0.4597700834274292,0.11124323308467865,0.3739677965641022,0.47957271337509155,0.13791361451148987,1.9275119304656982,-13.07744312286377,0.45685824751853943,0.5940790176391602,0.1502089500427246,2.040679693222046,-13.125767707824707,0.346339613199234,0.48259711265563965,0.14573702216148376,2.034553050994873,-13.158207893371582
8,10.0,0.27586206793785095,0.3678160309791565,0.10410885512828827,0.3783930838108063,0.5296945571899414,0.12203656882047653,2.1884031295776367,-12.822541236877441,0.3067814111709595,0.62272047996521,0.17251509428024292,1.3632766008377075,-14.022192001342773,0.36781466007232666,0.3384482264518738,0.08722063899040222,1.7802698612213135,-13.542136192321777
9,10.0,0.48275861144065857,0.36781615018844604,0.12683314085006714,0.3781473934650421,0.4365394711494446,0.16063156723976135,2.0288844108581543,-12.558202743530273,0.35707536339759827,0.4959735870361328,0.16685838997364044,2.867426633834839,-12.777613639831543,0.32427024841308594,0.2636649012565613,0.11157400906085968,2.8615243434906006,-12.381678581237793
10,20.0,0.7126436233520508,0.8965516686439514,0.1469150334596634,0.597210168838501,0.6116632223129272,0.194981649518013,2.973684549331665,-7.965029239654541,0.6433408260345459,1.2238377332687378,0.20010319352149963,3.7761690616607666,-9.820862770080566,0.6643166542053223,0.633821964263916,0.2112089991569519,3.0023036003112793,-9.312963485717773
11,20.0,0.6206896305084229,0.5977011919021606,0.1651473194360733,0.5475831031799316,0.5305161476135254,0.1788986176252365,3.9199681282043457,-9.575894355773926,0.6879671812057495,0.6958284378051758,0.23024067282676697,4.756189346313477,-8.505206108093262,0.6042767763137817,0.5599738955497742,0.18423111736774445,2.9681200981140137,-9.856367111206055
12,20.0,0.7126436233520508,0.5287357568740845,0.15404942631721497,0.6038693189620972,0.5107566118240356,0.16373491287231445,3.961293935775757,-9.578520774841309,0.5887452363967896,0.8052645921707153,0.1636107861995697,4.334392070770264,-8.522045135498047,0.6497477293014526,0.6482105255126953,0.1939481496810913,4.358343124389648,-7.625187397003174
13,20.0,0.5747126340866089,0.436781644821167,0.12207689881324768,0.5309476852416992,0.5958104133605957,0.19468954205513,2.3526298999786377,-10.807851791381836,0.5345909595489502,0.7820850610733032,0.1810041218996048,2.6512434482574463,-10.590396881103516,0.6391171216964722,0.45293059945106506,0.1414492130279541,5.24479866027832,-8.723579406738281
14,20.0,0.5977011919021606,0.390804648399353,0.1305324286222458,0.6973586082458496,0.5127220153808594,0.19362622499465942,5.154506683349609,-6.595071792602539,0.6201049089431763,0.4075801372528076,0.14759203791618347,4.91948127746582,-8.080940246582031,0.5680699348449707,0.6418195962905884,0.20845115184783936,4.211511135101318,-8.838891983032227
15,20.0,0.919540286064148,0.5977012515068054,0.15299247205257416,0.6209033727645874,0.5355989336967468,0.17643147706985474,2.688629627227783,-8.490538597106934,0.5892946124076843,0.8046106696128845,0.21663419902324677,4.256436347961426,-8.624248504638672,0.7212792634963989,0.5189834833145142,0.1796734780073166,4.267054557800293,-7.471045970916748
16,20.0,0.5977011919021606,0.4597700834274292,0.1321178525686264,0.5798355340957642,0.709428071975708,0.18194237351417542,3.855618715286255,-9.607244491577148,0.6550654172897339,0.42084968090057373,0.1756216585636139,2.0105531215667725,-9.291258811950684,0.6674396991729736,0.6737091541290283,0.19280843436717987,3.604842185974121,-9.372292518615723
17,20.0,0.6896551847457886,0.4597701132297516,0.1725459098815918,0.6249608993530273,0.5010789632797241,0.18594159185886383,5.64866304397583,-7.872332572937012,0.6891531944274902,0.7356410026550293,0.20212480425834656,4.396412372589111,-9.84626293182373,0.7149844169616699,0.722957968711853,0.23311641812324524,4.607861518859863,-9.229214668273926
18,20.0,0.7586207389831543,0.5747125744819641,0.1635618954896927,0.6407934427261353,0.7009919881820679,0.1978951394557953,2.6419031620025635,-9.207782745361328,0.5530099272727966,0.5264198780059814,0.1732187420129776,2.6289448738098145,-9.099394798278809,0.6561051607131958,0.6382331848144531,0.22641560435295105,4.404505729675293,-5.83373498916626
19,20.0,0.5517240762710571,0.6896551847457886,0.14163033664226532,0.5723222494125366,0.5450128316879272,0.1915545016527176,4.042046070098877,-9.475907325744629,0.5394226312637329,0.6700798273086548,0.16635136306285858,3.9636147022247314,-10.556722640991211,0.5681617259979248,0.7083349227905273,0.18214388191699982,4.090078353881836,-9.960326194763184
20,30.0,0.7126436233520508,0.6896551847457886,0.13845950365066528,0.7480778694152832,0.7460882067680359,0.1765529215335846,5.852016448974609,-4.031069278717041,0.7255229949951172,0.6822517514228821,0.2428402453660965,4.984368801116943,-5.745019912719727,0.803682804107666,0.7215336561203003,0.18994300067424774,6.305205345153809,-5.00823974609375
21,30.0,0.8045977354049683,0.5057471990585327,0.15061435103416443,0.8532942533493042,0.9408192038536072,0.22546562552452087,4.171074867248535,-8.484028816223145,0.6881179809570312,0.8636730313301086,0.2099391520023346,4.973336219787598,-3.575410842895508,0.7122873067855835,0.7347550392150879,0.21671263873577118,3.7513978481292725,-8.982887268066406
22,30.0,0.7586207389831543,0.6436781883239746,0.1474435180425644,0.6847614049911499,0.9121406078338623,0.22109687328338623,4.588171005249023,-8.750083923339844,0.7605428695678711,0.5772265791893005,0.17548225820064545,5.810244560241699,-5.869182586669922,0.7741885185241699,0.6507258415222168,0.18061348795890808,5.4951958656311035,-6.9028000831604
23,30.0,0.9885057210922241,0.6206896901130676,0.18390806019306183,0.7198925018310547,0.8121115565299988,0.1611059010028839,2.843750476837158,-8.402101516723633,0.7518560886383057,0.5868425369262695,0.18437786400318146,6.602040767669678,-7.353662490844727,0.7879821062088013,0.6318463087081909,0.22248497605323792,5.824745178222656,-6.3657355308532715
24,30.0,0.7356321811676025,0.8275861740112305,0.1572202444076538,0.8659614324569702,0.6741806268692017,0.2285820096731186,4.576310157775879,-7.182240009307861,0.7757843732833862,0.6424421072006226,0.2036317139863968,5.216409683227539,-6.804097652435303,0.8051645755767822,0.5794504880905151,0.17477327585220337,6.917932510375977,-7.940094947814941
25,30.0,0.7356321811676025,0.5057470798492432,0.14427268505096436,0.9300198554992676,0.7272762060165405,0.17613781988620758,6.754088878631592,-3.968458652496338,0.7546402215957642,0.8746124505996704,0.25451648235321045,5.32041072845459,-6.019220352172852,0.7780519723892212,0.8590856194496155,0.22018620371818542,5.055319309234619,-7.0585198402404785
26,30.0,0.8045977354049683,0.5517240762710571,0.1408376395702362,0.782313346862793,0.6203977465629578,0.1610139161348343,5.964791774749756,-6.137625217437744,0.7710616588592529,0.7499028444290161,0.2294422835111618,7.128624439239502,-5.037174701690674,0.7761149406433105,0.7679386734962463,0.2245408147573471,5.751367092132568,-6.116972923278809
27,30.0,1.080459713935852,0.5057471990585327,0.15378516912460327,0.6964315176010132,0.6095749139785767,0.1743161678314209,6.77737283706665,-3.114933490753174,0.7002248764038086,0.6084734201431274,0.20949125289916992,6.159712791442871,-5.88550329208374,0.8501714468002319,0.8612306714057922,0.20720143616199493,7.193624019622803,-6.089740753173828
28,30.0,0.8735631704330444,0.8965517282485962,0.15008588135242462,0.9109293222427368,0.8645533323287964,0.1724802851676941,4.261265277862549,-9.318685531616211,0.7982025146484375,0.8279516100883484,0.19945544004440308,5.551605701446533,-7.799175262451172,0.7429385185241699,0.800870954990387,0.18268804252147675,6.204190731048584,-5.509220123291016
29,30.0,0.8505747318267822,0.5287356972694397,0.13819526135921478,0.7359710931777954,0.5679037570953369,0.15378357470035553,7.006932258605957,-1.8740594387054443,0.7762470245361328,0.6975252032279968,0.21987327933311462,6.947299003601074,-3.9638330936431885,0.7185894250869751,0.9639410376548767,0.2345312237739563,6.1551513671875,-2.3242027759552
30,40.0,0.8045977354049683,1.126436710357666,0.17862333357334137,0.8087797164916992,0.7139294147491455,0.211229607462883,6.599820613861084,-5.53233528137207,0.8383547067642212,0.9464484453201294,0.2212911993265152,7.1370415687561035,-5.958963394165039,0.8531877994537354,0.645523190498352,0.1951453983783722,7.102509498596191,-1.371681571006775
31,40.0,0.919540286064148,0.7126436829566956,0.18258686363697052,0.8674768209457397,0.8935701847076416,0.2212914675474167,8.386537551879883,-2.7161917686462402,0.7862235307693481,1.014988660812378,0.21527722477912903,6.301070213317871,-4.127937316894531,0.7852526903152466,0.880315363407135,0.22556523978710175,7.599854946136475,-4.045511722564697
32,40.0,0.8045977354049683,1.0574712753295898,0.16250494122505188,0.904464602470398,0.9922671318054199,0.2996639907360077,3.2030324935913086,-7.396214485168457,0.8578237295150757,0.8176178336143494,0.23274348676204681,7.512437343597412,-5.962713241577148,0.8091365098953247,0.5972714424133301,0.16918620467185974,4.597465515136719,-8.489764213562012
33,40.0,0.8045977354049683,0.5287356376647949,0.14215880632400513,0.8546013832092285,0.7167445421218872,0.24801892042160034,3.4758036136627197,-7.845149993896484,0.8177928924560547,0.7902708053588867,0.23520708084106445,2.741701126098633,-8.274813652038574,0.8765223026275635,0.6065155267715454,0.18409483134746552,2.8913586139678955,-8.895881652832031
34,40.0,0.8275861740112305,0.7586206197738647,0.14612233638763428,0.9148175716400146,0.7796352505683899,0.24577374756336212,4.425628662109375,-8.563197135925293,0.7623299360275269,0.8046605587005615,0.20492391288280487,5.683002948760986,-6.613202095031738,0.8403946161270142,0.8218476176261902,0.22545211017131805,6.472224712371826,-1.808957815170288
35,40.0,0.8045977354049683,0.5747125148773193,0.16329766809940338,0.8085950613021851,0.9645458459854126,0.22133758664131165,4.987456321716309,-8.109197616577148,0.836755633354187,0.7062066197395325,0.21097253262996674,7.243331432342529,-8.360067367553711,0.7822710275650024,0.8138785362243652,0.21005932986736298,4.1911091804504395,-7.5250244140625
36,40.0,0.8735631704330444,0.9655172228813171,0.18417228758335114,0.8895623683929443,0.6283731460571289,0.20670263469219208,8.852466583251953,-3.8234705924987793,0.848307728767395,0.7483423948287964,0.23229840397834778,6.150783538818359,-7.651416778564453,0.9031940698623657,0.7109147310256958,0.16874384880065918,6.93329381942749,-7.878586769104004
37,40.0,1.034482717514038,0.7126436233520508,0.1738670915365219,0.9552342891693115,0.7995573282241821,0.1970217227935791,7.890260696411133,-3.684731960296631,0.7871842384338379,0.8563095331192017,0.25736716389656067,7.615093231201172,-1.9784510135650635,0.8615378141403198,1.0898388624191284,0.2255440652370453,5.115899085998535,-0.981400728225708
38,40.0,0.9425287246704102,0.9885057210922241,0.16197648644447327,0.8174910545349121,0.7869921922683716,0.2195574939250946,8.840628623962402,-7.04643440246582,0.8613302707672119,0.8307992219924927,0.2585640847682953,9.284279823303223,-3.98720383644104,0.8527458906173706,0.8543822765350342,0.2173398733139038,9.81219482421875,-0.7092183828353882
39,40.0,0.8965517282485962,1.0574712753295898,0.1968555599451065,0.960896372795105,0.902911901473999,0.23037812113761902,7.553234577178955,-4.655330181121826,0.8668376207351685,0.9577702879905701,0.26188158988952637,7.195932388305664,-6.326730251312256,0.8280619382858276,0.7749098539352417,0.1984531134366989,7.054804801940918,-4.101986408233643
40,50.0,1.080459713935852,1.563218593597412,0.30175715684890747,0.9321119785308838,1.266369104385376,0.27965715527534485,8.959741592407227,-4.285177230834961,0.9525467157363892,1.4193971157073975,0.2701626121997833,8.762092590332031,-2.1212379932403564,0.8138885498046875,1.0146784782409668,0.23198653757572174,9.4020414352417,2.7223072052001953
41,50.0,0.8505747318267822,1.4482758045196533,0.24388954043388367,0.8791643381118774,0.8632638454437256,0.23846006393432617,2.8047473430633545,-8.045554161071777,0.841006875038147,1.1646922826766968,0.26764580607414246,6.77197265625,-4.554845333099365,0.877383828163147,1.079075574874878,0.24617302417755127,7.866570949554443,-6.351480960845947
42,50.0,0.8275861740112305,0.8045976758003235,0.18496498465538025,0.8770532608032227,1.1508427858352661,0.2615254819393158,6.496826648712158,-0.3857988119125366,0.9084237813949585,0.9834620356559753,0.2565997838973999,8.058660507202148,0.23820938169956207,0.8765575885772705,1.3574955463409424,0.2191813439130783,6.818642616271973,-0.34211400151252747
43,50.0,0.9425287246704102,1.2413792610168457,0.25842249393463135,0.859408974647522,1.1000697612762451,0.255328506231308,2.699556589126587,-7.669342517852783,0.8629521131515503,0.7899442911148071,0.22428783774375916,3.7219064235687256,-7.199760437011719,0.8227086067199707,1.6730871200561523,0.2655574381351471,4.215505599975586,-7.003798007965088
44,50.0,0.8275861740112305,0.9885058403015137,0.21667326986789703,0.8927520513534546,0.9076228737831116,0.2479792684316635,9.137954711914062,-6.745419025421143,0.8987958431243896,0.889504075050354,0.24256809055805206,4.828454971313477,-7.305603504180908,0.9076961278915405,1.1036838293075562,0.22681306302547455,8.025886535644531,-7.129990100860596
45,50.0,0.919540286064148,1.0114941596984863,0.22565729916095734,0.8445817232131958,1.4394936561584473,0.2899005711078644,8.51317310333252,-3.390913248062134,0.9065910577774048,1.0503202676773071,0.26361119747161865,8.547995567321777,-2.066840887069702,0.8872348070144653,1.0291675329208374,0.2596484124660492,5.102886199951172,-7.659212589263916
46,50.0,0.8275861740112305,1.0574712753295898,0.23358434438705444,1.0237643718719482,1.0054622888565063,0.26751336455345154,5.52639627456665,-7.082414150238037,0.8686732053756714,0.7621561288833618,0.247427299618721,7.939230442047119,-4.929431438446045,0.8365533351898193,0.8618420958518982,0.263915091753006,6.394277572631836,-5.5945234298706055
47,50.0,0.8045977354049683,1.2873563766479492,0.20980313420295715,0.9166713953018188,0.7431878447532654,0.2486288994550705,8.436081886291504,-7.743729591369629,0.886780858039856,1.0114312171936035,0.27947282791137695,4.078810691833496,-7.653501510620117,0.8814041614532471,0.965610146522522,0.26494210958480835,6.155543327331543,-6.921940803527832
48,50.0,0.9655172824859619,1.4022986888885498,0.28326067328453064,0.9925333261489868,0.8614957928657532,0.2850588262081146,4.996525287628174,-4.584233283996582,1.0629233121871948,0.9023109674453735,0.2481127381324768,5.749077320098877,-6.096367359161377,0.8098189830780029,1.0434510707855225,0.2469828575849533,4.312402248382568,-6.101428985595703
49,50.0,0.8965517282485962,0.8965517282485962,0.22592149674892426,0.873543381690979,0.809578537940979,0.2197405993938446,6.3914337158203125,-7.411199569702148,0.9169405698776245,1.0227282047271729,0.29449641704559326,4.708310604095459,-7.348530292510986,0.9730675220489502,1.2844650745391846,0.30292996764183044,3.3004820346832275,-7.818410396575928
50,10.0,0.4367816150188446,0.6206896901130676,0.11864183098077774,0.3649875223636627,0.39604735374450684,0.13821013271808624,1.5748436450958252,-13.299637794494629,0.4242571294307709,0.4371556043624878,0.15980041027069092,1.6112382411956787,-13.305131912231445,0.3412873148918152,0.5558061003684998,0.13679006695747375,2.229471206665039,-13.140917778015137
51,10.0,0.3218390643596649,0.436781644821167,0.09565332531929016,0.3019060790538788,0.5013932585716248,0.13191752135753632,1.7276545763015747,-13.8153715133667,0.4243316948413849,0.522647500038147,0.13823123276233673,2.870555877685547,-12.738080978393555,0.32588517665863037,0.43572014570236206,0.13904395699501038,1.70350980758667,-13.757807731628418
52,10.0,0.2988505959510803,0.41379308700561523,0.1070154532790184,0.33582448959350586,0.4224872589111328,0.14923357963562012,0.8954238891601562,-13.788775444030762,0.4013651907444,0.6422804594039917,0.15758904814720154,1.7672028541564941,-13.398355484008789,0.44393953680992126,0.3893338441848755,0.1489485800266266,2.4164481163024902,-12.753179550170898
53,10.0,0.48275861144065857,0.6436781883239746,0.13291054964065552,0.38838231563568115,0.4310653507709503,0.12677447497844696,2.599534034729004,-12.816679954528809,0.368947297334671,0.3827741742134094,0.13522423803806305,3.1383447647094727,-12.033989906311035,0.4001835584640503,0.43474721908569336,0.15421852469444275,3.1282641887664795,-12.095891952514648
54,10.0,0.27586206793785095,0.4137931168079376,0.09750298410654068,0.3326445519924164,0.49061524868011475,0.1482383906841278,1.5571554899215698,-13.545873641967773,0.36087217926979065,0.6101397275924683,0.15584005415439606,1.9282619953155518,-13.098945617675781,0.41098374128341675,0.5111303925514221,0.16362117230892181,1.6382390260696411,-13.615791320800781
55,10.0,0.4597701132297516,0.3448275923728943,0.12868277728557587,0.3651507794857025,0.47808462381362915,0.13136619329452515,1.7678945064544678,-12.026468276977539,0.48127543926239014,0.5824028253555298,0.16502483189105988,2.168369770050049,-11.976054191589355,0.4330432713031769,0.3863719403743744,0.11284615844488144,2.507340431213379,-11.740148544311523
56,10.0,0.36781609058380127,0.4597701132297516,0.10807240009307861,0.3138500154018402,0.48582902550697327,0.14813777804374695,2.031153440475464,-12.726542472839355,0.41322413086891174,0.4577713906764984,0.15849754214286804,2.917581796646118,-12.895188331604004,0.3010658919811249,0.38361549377441406,0.11991052329540253,1.5373828411102295,-12.838593482971191
57,10.0,0.29885056614875793,0.4597700834274292,0.11124323308467865,0.36453431844711304,0.3626353144645691,0.11299886554479599,1.6962395906448364,-13.286382675170898,0.42986860871315,0.4437614679336548,0.12429086863994598,1.5683784484863281,-13.186641693115234,0.43296340107917786,0.598347544670105,0.15898890793323517,2.3985280990600586,-12.170543670654297
58,10.0,0.27586206793785095,0.3678160309791565,0.10410885512828827,0.2766834795475006,0.3613736033439636,0.10876944661140442,1.2775787115097046,-14.350262641906738,0.31856048107147217,0.5184003114700317,0.15125317871570587,2.055056571960449,-13.319428443908691,0.4534311890602112,0.7048065066337585,0.15056318044662476,1.954332709312439,-13.351848602294922
59,10.0,0.48275861144065857,0.36781615018844604,0.12683314085006714,0.3553885519504547,0.3915087580680847,0.13273493945598602,2.06614351272583,-12.995823860168457,0.26605358719825745,0.641051173210144,0.15085271000862122,2.379415273666382,-12.740114212036133,0.4013676047325134,0.527845025062561,0.12894877791404724,3.2932510375976562,-12.793429374694824
60,20.0,0.7126436233520508,0.8965516686439514,0.1469150334596634,0.5071302652359009,0.5485152006149292,0.16818591952323914,5.019942760467529,-8.651068687438965,0.6038259267807007,0.6142228841781616,0.19122320413589478,1.7429307699203491,-9.763672828674316,0.5831415057182312,0.628972053527832,0.19166356325149536,4.310616493225098,-7.96795654296875
61,20.0,0.6206896305084229,0.5977011919021606,0.1651473194360733,0.6488356590270996,0.5481995940208435,0.16175436973571777,3.707369804382324,-9.603455543518066,0.5719120502471924,0.5506517887115479,0.1607525497674942,4.419672012329102,-9.769908905029297,0.7272347211837769,0.6373427510261536,0.19461677968502045,3.1288902759552,-9.192543983459473
62,20.0,0.7126436233520508,0.5287357568740845,0.15404942631721497,0.5506901741027832,0.6036373376846313,0.19759798049926758,4.580827713012695,-9.574173927307129,0.5455131530761719,0.4818633496761322,0.1477554589509964,3.610677719116211,-8.85903263092041,0.5979260206222534,0.5344161987304688,0.1788824200630188,4.693366050720215,-7.7324066162109375
63,20.0,0.5747126340866089,0.436781644821167,0.12207689881324768,0.5815941095352173,0.6401913166046143,0.18697156012058258,4.432858467102051,-9.970833778381348,0.6631276607513428,0.5583623051643372,0.1739002913236618,3.9085397720336914,-9.932775497436523,0.6308728456497192,0.7658734321594238,0.17458349466323853,4.4202141761779785,-9.998740196228027
64,20.0,0.5977011919021606,0.390804648399353,0.1305324286222458,0.5577430725097656,0.6221003532409668,0.20352588593959808,4.750582218170166,-8.557167053222656,0.5276621580123901,0.7165152430534363,0.17796427011489868,1.8029249906539917,-10.385923385620117,0.5618786811828613,0.43970972299575806,0.15009340643882751,4.298033714294434,-9.679767608642578
65,20.0,0.919540286064148,0.5977012515068054,0.15299247205257416,0.614681601524353,0.5341635346412659,0.17441780865192413,3.8308844566345215,-8.632987022399902,0.5661255121231079,0.5859115719795227,0.18284890055656433,4.427855968475342,-8.238597869873047,0.5449936389923096,0.6751298904418945,0.1994571089744568,4.427284240722656,-8.9778413772583
66,20.0,0.5977011919021606,0.4597700834274292,0.1321178525686264,0.5189244747161865,0.7991370558738708,0.18925760686397552,2.3321897983551025,-10.378521919250488,0.5765120983123779,0.525183916091919,0.16059228777885437,3.9021894931793213,-9.533679008483887,0.6592011451721191,0.6239413022994995,0.21626678109169006,4.505683898925781,-9.917980194091797
67,20.0,0.6896551847457886,0.4597701132297516,0.1725459098815918,0.6472805738449097,0.8264524340629578,0.18206539750099182,4.673893928527832,-9.02832317352295,0.7088265419006348,0.593416154384613,0.19902215898036957,4.478967666625977,-9.26756477355957,0.6445658802986145,0.6380314826965332,0.15187017619609833,5.634626865386963,-9.078864097595215
68,20.0,0.7586207389831543,0.5747125744819641,0.1635618954896927,0.6947892904281616,0.7190382480621338,0.17442180216312408,4.495701789855957,-6.998598098754883,0.6348886489868164,0.8201019763946533,0.19125212728977203,4.611356258392334,-8.614921569824219,0.6197012662887573,0.5011489391326904,0.18249450623989105,2.516477346420288,-9.241421699523926
69,20.0,0.5517240762710571,0.6896551847457886,0.14163033664226532,0.5976362228393555,0.5701779127120972,0.15507544577121735,3.7360870838165283,-9.91286849975586,0.5737522840499878,0.9898651838302612,0.17659224569797516,4.545181751251221,-9.823593139648438,0.7593729496002197,0.4826967716217041,0.16101953387260437,4.017866134643555,-9.607288360595703
70,30.0,0.7126436233520508,0.6896551847457886,0.13845950365066528,0.7917277812957764,0.7277859449386597,0.19542662799358368,5.527667999267578,-5.278215408325195,0.7480905055999756,0.6568832397460938,0.20081408321857452,6.110161781311035,-2.9097018241882324,0.8852198123931885,0.6116483807563782,0.18442445993423462,6.172060012817383,-2.2644271850585938
71,30.0,0.8045977354049683,0.5057471990585327,0.15061435103416443,0.8444393873214722,0.6784669756889343,0.2339397668838501,5.775420188903809,-8.916440963745117,0.8385446071624756,0.7264540791511536,0.22717230021953583,5.475697994232178,-5.112371921539307,0.7950773239135742,0.8668939471244812,0.214403435587883,4.132946491241455,-8.017976760864258
72,30.0,0.7586207389831543,0.6436781883239746,0.1474435180425644,0.7972122430801392,0.7174354791641235,0.20038069784641266,5.855151653289795,-6.857781410217285,0.7493081092834473,0.8276693224906921,0.14870835840702057,4.646214485168457,-5.318985939025879,0.7450014352798462,0.6474546194076538,0.1811104416847229,5.842499256134033,-8.007685661315918
73,30.0,0.9885057210922241,0.6206896901130676,0.18390806019306183,0.7194889783859253,0.5310376882553101,0.16174077987670898,5.6877570152282715,-7.3877034187316895,0.7286030054092407,0.5625728964805603,0.19535671174526215,4.178512096405029,-8.448470115661621,0.8200184106826782,0.7717652916908264,0.19954821467399597,6.460737228393555,-6.878694534301758
74,30.0,0.7356321811676025,0.8275861740112305,0.1572202444076538,0.7979670763015747,0.462986558675766,0.18452858924865723,5.5294952392578125,-7.079569339752197,0.8089703321456909,0.5866125822067261,0.19647058844566345,6.838167667388916,-7.870957851409912,0.7535120248794556,0.837552011013031,0.2255634367465973,5.193078994750977,-6.957303047180176
75,30.0,0.7356321811676025,0.5057470798492432,0.14427268505096436,0.7561156749725342,0.6317195892333984,0.2143908590078354,5.097291946411133,-8.490633010864258,0.7315285205841064,0.719016969203949,0.20334090292453766,5.153342247009277,-9.082372665405273,0.8092676401138306,1.3737472295761108,0.23328107595443726,4.331162929534912,-8.035099983215332
76,30.0,0.8045977354049683,0.5517240762710571,0.1408376395702362,0.7622060775756836,0.734371542930603,0.1919468343257904,6.376997470855713,-6.945209980010986,0.6592909097671509,0.673750638961792,0.20366650819778442,5.334141731262207,-3.0761735439300537,0.7642831802368164,0.7696025371551514,0.20367275178432465,5.30433464050293,-7.580601215362549
77,30.0,1.080459713935852,0.5057471990585327,0.15378516912460327,0.7966567277908325,0.7320666313171387,0.1624588519334793,6.10874080657959,-2.8012795448303223,0.6628602743148804,0.5946241617202759,0.1940373331308365,6.3380351066589355,-1.3356304168701172,0.8118504285812378,0.7391343116760254,0.20547015964984894,7.135128021240234,-1.2274309396743774
78,30.0,0.8735631704330444,0.8965517282485962,0.15008588135242462,0.8844854831695557,0.7370068430900574,0.18300841748714447,4.491598606109619,-8.212420463562012,0.8532564640045166,0.7446997165679932,0.16206364333629608,4.462087154388428,-7.672670364379883,0.8702142238616943,0.9129379987716675,0.1941121369600296,4.348873615264893,-8.819185256958008
79,30.0,0.8505747318267822,0.5287356972694397,0.13819526135921478,0.7954318523406982,0.6206763982772827,0.165771022439003,7.046618461608887,-6.645050525665283,0.8407816886901855,0.7507474422454834,0.2120395451784134,7.146204471588135,-0.2676895558834076,0.9038543701171875,0.9067480564117432,0.23080392181873322,6.4232282638549805,-7.204780101776123
80,40.0,0.8045977354049683,1.126436710357666,0.17862333357334137,0.9687350988388062,0.8373993635177612,0.2039155662059784,8.002717018127441,-4.705443382263184,0.8050128221511841,1.0891629457473755,0.2496112883090973,7.898534774780273,-5.405644416809082,0.8970446586608887,1.1942963600158691,0.2764156460762024,7.383724212646484,-4.576616287231445
81,40.0,0.919540286064148,0.7126436829566956,0.18258686363697052,0.9111166000366211,1.112188458442688,0.26835519075393677,4.715004920959473,-5.773967266082764,0.7981005907058716,0.9038550853729248,0.209371417760849,7.281588554382324,-4.435276985168457,0.8377431631088257,0.5154389142990112,0.14776387810707092,8.24526596069336,-1.4743342399597168
82,40.0,0.8045977354049683,1.0574712753295898,0.16250494122505188,0.8295363187789917,0.6465953588485718,0.17500369250774384,5.666079998016357,-8.18556022644043,1.058327317237854,1.3418490886688232,0.22340987622737885,5.209695339202881,-3.0448215007781982,0.826566219329834,1.2019343376159668,0.2089381217956543,3.06447172164917,-8.321968078613281
83,40.0,0.8045977354049683,0.5287356376647949,0.14215880632400513,0.8479334115982056,0.6866152286529541,0.19404205679893494,2.895993947982788,-8.270999908447266,0.8418723344802856,0.8138605952262878,0.267017126083374,1.9937490224838257,-8.16997241973877,0.8252977132797241,0.8795913457870483,0.20972321927547455,6.059750080108643,-7.86725378036499
84,40.0,0.8275861740112305,0.7586206197738647,0.14612233638763428,0.7647494077682495,0.5728161931037903,0.1831633299589157,6.125532627105713,-6.280017852783203,0.9717680215835571,0.6432723999023438,0.2115541249513626,6.8099589347839355,-5.9279584884643555,0.8254278898239136,1.0041782855987549,0.22816984355449677,5.744344234466553,-3.7218143939971924
85,40.0,0.8045977354049683,0.5747125148773193,0.16329766809940338,0.9246097803115845,0.9065585136413574,0.2018243819475174,4.289158344268799,-5.155113220214844,0.8197147846221924,0.6774574518203735,0.23003949224948883,3.6502840518951416,-8.275708198547363,0.8323513269424438,0.9570538997650146,0.23546205461025238,7.059751987457275,-8.181416511535645
86,40.0,0.8735631704330444,0.9655172228813171,0.18417228758335114,1.0285214185714722,0.8997759819030762,0.2381216436624527,8.222070693969727,-5.944968223571777,0.7979364395141602,0.8125815987586975,0.20695936679840088,7.181421756744385,-3.9756088256835938,0.8447697162628174,0.9642848968505859,0.20181125402450562,7.19287633895874,-7.8534417152404785
87,40.0,1.034482717514038,0.7126436233520508,0.1738670915365219,0.7920937538146973,0.6017162799835205,0.18063344061374664,6.680505752563477,-4.234866619110107,0.980026125907898,1.1177043914794922,0.2677007019519806,6.052550792694092,-3.9515469074249268,0.8250287771224976,0.8223653435707092,0.23175522685050964,6.7420878410339355,-4.592746734619141
88,40.0,0.9425287246704102,0.9885057210922241,0.16197648644447327,0.9457274675369263,0.9639539122581482,0.2476210594177246,7.096767425537109,-4.003913402557373,0.9273684024810791,0.9722158908843994,0.24694867432117462,7.6373419761657715,-8.466172218322754,0.7862938642501831,0.7708842754364014,0.21748150885105133,8.641372680664062,-2.318220376968384
89,40.0,0.8965517282485962,1.0574712753295898,0.1968555599451065,0.9902211427688599,0.7000048160552979,0.21809954941272736,7.947916507720947,-3.5017030239105225,0.8638070821762085,1.0272090435028076,0.22931751608848572,6.0400309562683105,-5.371334552764893,0.8782330751419067,0.6617757081985474,0.22051745653152466,3.5532920360565186,-7.005514621734619
90,50.0,1.080459713935852,1.563218593597412,0.30175715684890747,0.8297148942947388,0.9498286247253418,0.23276269435882568,10.043680191040039,0.8973339200019836,0.9447307586669922,0.8243188858032227,0.2527741491794586,10.521384239196777,3.9298758506774902,0.8422865867614746,1.2554986476898193,0.23631127178668976,10.134809494018555,4.6673126220703125
91,50.0,0.8505747318267822,1.4482758045196533,0.24388954043388367,0.9745432138442993,1.1275924444198608,0.25764137506484985,7.289459228515625,-7.571563243865967,0.9819502830505371,1.2048678398132324,0.25112414360046387,2.910496950149536,-8.42282772064209,0.9148362874984741,1.0071638822555542,0.2691100835800171,4.8058061599731445,-7.651923656463623
92,50.0,0.8275861740112305,0.8045976758003235,0.18496498465538025,0.9457167387008667,1.111274003982544,0.26429998874664307,9.579437255859375,0.14999711513519287,0.876293420791626,1.1954998970031738,0.3084753155708313,5.993804454803467,-5.199719429016113,0.9204812049865723,1.0690488815307617,0.2890024781227112,7.275053977966309,-1.4130940437316895
93,50.0,0.9425287246704102,1.2413792610168457,0.25842249393463135,0.8890062570571899,1.1559860706329346,0.24865587055683136,5.616357803344727,-3.761751890182495,0.8729158639907837,0.8269611597061157,0.2407228797674179,6.843602180480957,0.12601251900196075,0.8563799858093262,0.7915152907371521,0.22672922909259796,2.8991622924804688,-6.996296405792236
94,50.0,0.8275861740112305,0.9885058403015137,0.21667326986789703,0.9120453596115112,1.1593362092971802,0.2458290457725525,8.140373229980469,-4.295982837677002,0.890979528427124,0.8220968246459961,0.22376129031181335,8.621438026428223,-7.418974876403809,0.8543453216552734,1.0367673635482788,0.2565137445926666,5.489064693450928,-7.528074264526367
95,50.0,0.919540286064148,1.0114941596984863,0.22565729916095734,0.8766299486160278,0.9067888259887695,0.2512439489364624,4.541518211364746,-8.425599098205566,0.9647247791290283,1.0752534866333008,0.2835613787174225,5.252663612365723,-8.045181274414062,0.9252469539642334,0.9935493469238281,0.23857757449150085,2.5918495655059814,-8.384686470031738
96,50.0,0.8275861740112305,1.0574712753295898,0.23358434438705444,0.9727047681808472,1.0512313842773438,0.27318480610847473,3.688392400741577,-8.068567276000977,0.8084121942520142,0.8263824582099915,0.226052924990654,2.9879150390625,-7.290657043457031,0.890544056892395,1.0151267051696777,0.2370353788137436,7.408699035644531,-7.774403095245361
97,50.0,0.8045977354049683,1.2873563766479492,0.20980313420295715,0.838843584060669,0.9023450613021851,0.23468734323978424,6.878424167633057,-7.695045471191406,0.9567511081695557,1.172925353050232,0.2961670756340027,5.59786319732666,-7.039909362792969,0.8430837392807007,0.9338029623031616,0.2579013705253601,6.73745584487915,-5.4031572341918945
98,50.0,0.9655172824859619,1.4022986888885498,0.28326067328453064,0.9213263988494873,1.105399489402771,0.24899932742118835,7.482985496520996,-6.323547840118408,0.8823437690734863,0.8394989967346191,0.24976423382759094,4.241110324859619,-6.714883804321289,0.8449877500534058,1.2589359283447266,0.2773413360118866,5.598531723022461,-6.203483581542969
99,50.0,0.8965517282485962,0.8965517282485962,0.22592149674892426,0.893256425857544,1.067746639251709,0.27355146408081055,7.227583408355713,-5.054449081420898,0.9031499624252319,1.4574700593948364,0.26068833470344543,5.307918548583984,-8.582613945007324,0.8953752517700195,0.9420867562294006,0.2439439296722412,4.273656368255615,-7.316812992095947
100,10.0,0.4367816150188446,0.6206896901130676,0.11864183098077774,0.41091760993003845,0.39264070987701416,0.13747034966945648,2.415709972381592,-12.778934478759766,0.3606693148612976,0.5449803471565247,0.17205128073692322,1.6676501035690308,-13.046015739440918,0.36293742060661316,0.5213994383811951,0.14944981038570404,1.525510549545288,-13.1500825881958
101,10.0,0.3218390643596649,0.436781644821167,0.09565332531929016,0.44463276863098145,0.43558356165885925,0.12350732088088989,2.295876979827881,-13.049295425415039,0.4018038213253021,0.44311922788619995,0.1433800607919693,2.2952969074249268,-13.254134178161621,0.38820144534111023,0.46604594588279724,0.16917270421981812,1.8509100675582886,-12.884867668151855
102,10.0,0.2988505959510803,0.41379308700561523,0.1070154532790184,0.3109288811683655,0.5344669222831726,0.13165901601314545,2.1489529609680176,-13.386494636535645,0.3137381374835968,0.5222680568695068,0.13118207454681396,1.9591825008392334,-13.661311149597168,0.2676609456539154,0.46364444494247437,0.11956211924552917,2.0891940593719482,-13.588714599609375
103,10.0,0.48275861144065857,0.6436781883239746,0.13291054964065552,0.47796985507011414,0.5504522323608398,0.15646959841251373,3.0746641159057617,-12.278438568115234,0.3202493488788605,0.4935954809188843,0.13978499174118042,2.4704232215881348,-12.92615795135498,0.4236062169075012,0.39534127712249756,0.13602285087108612,3.029517650604248,-12.580355644226074
104,10.0,0.27586206793785095,0.4137931168079376,0.09750298410654068,0.4990842044353485,0.41269567608833313,0.13730143010616302,1.8597664833068848,-13.49244499206543,0.3191394805908203,0.42847639322280884,0.12922418117523193,1.4695707559585571,-13.826950073242188,0.3485698401927948,0.44583985209465027,0.1504901945590973,1.8352519273757935,-13.450422286987305
105,10.0,0.4597701132297516,0.3448275923728943,0.12868277728557587,0.4815008044242859,0.556262731552124,0.16019226610660553,2.580148935317993,-10.082303047180176,0.34186312556266785,0.5125278830528259,0.1573743224143982,2.5837292671203613,-11.8471040725708,0.3942849040031433,0.46312543749809265,0.1626465916633606,2.491032838821411,-12.222769737243652
106,10.0,0.36781609058380127,0.4597701132297516,0.10807240009307861,0.3804120421409607,0.45723631978034973,0.1211833506822586,2.0017080307006836,-12.937417030334473,0.41865894198417664,0.5072191953659058,0.12914788722991943,1.9221869707107544,-13.136747360229492,0.31148648262023926,0.44481852650642395,0.13122843205928802,2.021526336669922,-12.884706497192383
107,10.0,0.29885056614875793,0.4597700834274292,0.11124323308467865,0.3612179458141327,0.5356696248054504,0.12550103664398193,1.899617314338684,-13.022994995117188,0.3495635688304901,0.503868043422699,0.1451174020767212,1.8124234676361084,-13.171577453613281,0.478037029504776,0.5402761697769165,0.16767184436321259,1.8460042476654053,-12.623480796813965
108,10.0,0.27586206793785095,0.3678160309791565,0.10410885512828827,0.3124210238456726,0.45947355031967163,0.14052532613277435,1.7692147493362427,-14.138617515563965,0.39943745732307434,0.41846925020217896,0.15679898858070374,1.898382306098938,-13.390817642211914,0.3964065909385681,0.5028491020202637,0.14381153881549835,1.9481008052825928,-13.169775009155273
109,10.0,0.48275861144065857,0.36781615018844604,0.12683314085006714,0.30826327204704285,0.47148555517196655,0.15407536923885345,1.841267466545105,-12.56584644317627,0.3203493356704712,0.5097066164016724,0.14870086312294006,1.6387169361114502,-12.591041564941406,0.40134358406066895,0.5783218145370483,0.16425059735774994,2.1919209957122803,-12.744577407836914
110,20.0,0.7126436233520508,0.8965516686439514,0.1469150334596634,0.585667610168457,0.6509412527084351,0.19808527827262878,2.5150465965270996,-9.555338859558105,0.6296484470367432,0.5607312321662903,0.16956540942192078,2.9437644481658936,-8.888986587524414,0.6602602005004883,0.7714853286743164,0.1852058470249176,3.3509438037872314,-8.860897064208984
111,20.0,0.6206896305084229,0.5977011919021606,0.1651473194360733,0.5303933620452881,0.7998598217964172,0.2203599512577057,2.5218775272369385,-9.884852409362793,0.5556238889694214,0.5275958776473999,0.1596742570400238,3.8949148654937744,-9.661108016967773,0.6888164281845093,0.5696271061897278,0.1942649483680725,3.464972972869873,-9.666511535644531
112,20.0,0.7126436233520508,0.5287357568740845,0.15404942631721497,0.6980875730514526,0.5792354345321655,0.1893085539340973,3.0172412395477295,-9.064268112182617,0.5743077993392944,0.5652645826339722,0.15156498551368713,2.2352304458618164,-8.966254234313965,0.6066849231719971,0.6686364412307739,0.19810815155506134,5.631649494171143,-9.025399208068848
113,20.0,0.5747126340866089,0.436781644821167,0.12207689881324768,0.5416873693466187,0.6578885316848755,0.184316486120224,2.2918121814727783,-10.908127784729004,0.6203619241714478,0.8558146357536316,0.18379636108875275,4.337468147277832,-9.231968879699707,0.672904372215271,0.5965574979782104,0.17336271703243256,4.3648505210876465,-9.25603199005127
114,20.0,0.5977011919021606,0.390804648399353,0.1305324286222458,0.6137034893035889,0.5379762649536133,0.19095690548419952,4.64169979095459,-9.260809898376465,0.7683373689651489,0.5449906587600708,0.16785039007663727,4.671268463134766,-7.268824577331543,0.6507546901702881,0.6540395617485046,0.23187899589538574,4.39653205871582,-9.486861228942871
115,20.0,0.919540286064148,0.5977012515068054,0.15299247205257416,0.6489568948745728,0.9553226232528687,0.2345883548259735,3.1980347633361816,-8.290936470031738,0.5844073295593262,0.6357582807540894,0.21871070563793182,4.680168628692627,-7.997488498687744,0.7231848239898682,0.8092367649078369,0.2011997550725937,3.388261318206787,-7.662219047546387
116,20.0,0.5977011919021606,0.4597700834274292,0.1321178525686264,0.5630119442939758,0.5227245092391968,0.1928844153881073,1.9173344373703003,-10.176669120788574,0.6510213613510132,0.7242316007614136,0.20088090002536774,4.0591607093811035,-9.323514938354492,0.6769001483917236,0.6902791261672974,0.17048892378807068,4.096035957336426,-9.419926643371582
117,20.0,0.6896551847457886,0.4597701132297516,0.1725459098815918,0.6150543689727783,0.7737788558006287,0.18264681100845337,3.6450960636138916,-8.733879089355469,0.6582260131835938,0.6005624532699585,0.18707209825515747,5.900477409362793,-8.856437683105469,0.5706506967544556,0.5483480095863342,0.1822916716337204,3.9710025787353516,-9.250252723693848
118,20.0,0.7586207389831543,0.5747125744819641,0.1635618954896927,0.7085889577865601,0.604343056678772,0.20477566123008728,5.1716694831848145,-7.4174394607543945,0.6217285990715027,0.5632162094116211,0.1697397083044052,2.6851186752319336,-9.253878593444824,0.6803611516952515,0.46768975257873535,0.16355960071086884,3.160661458969116,-8.707954406738281
119,20.0,0.5517240762710571,0.6896551847457886,0.14163033664226532,0.6905034780502319,0.4276597797870636,0.13855907320976257,3.7798919677734375,-10.032880783081055,0.6366883516311646,0.6508358120918274,0.19714254140853882,3.652029037475586,-9.695871353149414,0.6066970229148865,0.6841543912887573,0.2071964144706726,3.2097110748291016,-9.480900764465332
120,30.0,0.7126436233520508,0.6896551847457886,0.13845950365066528,0.7495614290237427,0.9439610838890076,0.20894254744052887,4.658998012542725,-6.915582656860352,0.7278047800064087,0.7044455409049988,0.21353447437286377,5.325582504272461,-6.354002952575684,0.7846661806106567,0.7397663593292236,0.1942620724439621,5.035078525543213,-5.823134422302246
121,30.0,0.8045977354049683,0.5057471990585327,0.15061435103416443,0.8085353374481201,1.0013951063156128,0.17265638709068298,6.6131062507629395,-5.940442085266113,0.7686154842376709,0.8413757085800171,0.19199837744235992,4.732159614562988,-8.48802375793457,0.942611813545227,0.6325235962867737,0.21522648632526398,5.22281551361084,-5.370251178741455
122,30.0,0.7586207389831543,0.6436781883239746,0.1474435180425644,0.7404197454452515,0.5305474996566772,0.1528611183166504,5.244412899017334,-7.297047138214111,0.7447934150695801,0.8870155811309814,0.19495294988155365,6.784254550933838,-5.9979400634765625,0.7681517601013184,0.6083637475967407,0.18430744111537933,4.693415641784668,-8.430974960327148
123,30.0,0.9885057210922241,0.6206896901130676,0.18390806019306183,0.7584232091903687,0.6297902464866638,0.20443567633628845,6.099550247192383,-8.206360816955566,0.7488551139831543,0.7323516011238098,0.21768318116664886,5.626008987426758,-7.704940319061279,0.7724779844284058,0.6453045606613159,0.1917429268360138,5.956783294677734,-5.790053844451904
124,30.0,0.7356321811676025,0.8275861740112305,0.1572202444076538,0.8023691177368164,0.8081092834472656,0.22411277890205383,5.9955153465271,-6.6618852615356445,0.699688196182251,0.9317591190338135,0.21890291571617126,5.563285827636719,-7.962331295013428,0.719191312789917,0.7715339660644531,0.22228258848190308,4.145728588104248,-8.058582305908203
125,30.0,0.7356321811676025,0.5057470798492432,0.14427268505096436,0.7213993072509766,0.765118420124054,0.20360760390758514,6.060226917266846,-8.414641380310059,0.6291393041610718,0.660383939743042,0.20701520144939423,3.2615134716033936,-9.099960327148438,0.7508959770202637,0.7653307914733887,0.18823476135730743,4.5144476890563965,-9.021180152893066
126,30.0,0.8045977354049683,0.5517240762710571,0.1408376395702362,0.8360594511032104,0.6672875285148621,0.23859697580337524,6.324341297149658,-4.744214057922363,0.7527827024459839,0.6963450908660889,0.17856130003929138,5.663670063018799,-5.0164995193481445,0.7309287786483765,0.6417607069015503,0.20993787050247192,6.014145374298096,-7.20125150680542
127,30.0,1.080459713935852,0.5057471990585327,0.15378516912460327,0.8139798641204834,0.8506531715393066,0.20772626996040344,6.403409004211426,-6.025606632232666,0.7639034986495972,0.5943410396575928,0.23616042733192444,7.058172702789307,-5.665719032287598,0.8426210880279541,0.6746444702148438,0.17432235181331635,5.558640956878662,-6.016912937164307
128,30.0,0.8735631704330444,0.8965517282485962,0.15008588135242462,0.8715921640396118,0.807924211025238,0.18589936196804047,3.036652088165283,-8.223362922668457,0.9208301305770874,0.5478750467300415,0.21612177789211273,2.648587226867676,-8.696389198303223,0.9864357709884644,0.5462194681167603,0.17491956055164337,5.672061443328857,-4.347995281219482
129,30.0,0.8505747318267822,0.5287356972694397,0.13819526135921478,1.022170066833496,0.8192095756530762,0.26033297181129456,6.354460716247559,-1.8446593284606934,0.8294588327407837,0.8043398261070251,0.19344601035118103,4.216656684875488,-7.458749294281006,0.8512606620788574,1.0319105386734009,0.2090805321931839,7.859583377838135,-2.8849072456359863
130,40.0,0.8045977354049683,1.126436710357666,0.17862333357334137,0.8628759384155273,0.7030923366546631,0.1962309628725052,7.026824951171875,-6.854979991912842,0.8361116647720337,0.6054651737213135,0.18900491297245026,8.34036636352539,-4.673095226287842,0.9617760181427002,1.1928507089614868,0.24638739228248596,5.987850666046143,-5.526839733123779
131,40.0,0.919540286064148,0.7126436829566956,0.18258686363697052,0.8523536920547485,0.6767808794975281,0.2145768254995346,8.067553520202637,-1.3489104509353638,0.806036114692688,0.7825101613998413,0.19444432854652405,7.983564853668213,-2.5033347606658936,0.7885600328445435,1.0426239967346191,0.18714900314807892,6.788275718688965,-4.7979207038879395
132,40.0,0.8045977354049683,1.0574712753295898,0.16250494122505188,1.0106784105300903,0.8300711512565613,0.2686809301376343,7.046314716339111,-5.692729949951172,0.836884617805481,0.7091901898384094,0.23348739743232727,6.494772434234619,-3.901714563369751,0.8386045694351196,0.8589972257614136,0.21182526648044586,6.542679786682129,-7.192756175994873
133,40.0,0.8045977354049683,0.5287356376647949,0.14215880632400513,0.8550060987472534,0.9523570537567139,0.23892360925674438,4.63240909576416,-6.594944000244141,0.784072995185852,0.7464492917060852,0.22323337197303772,3.209705352783203,-8.422965049743652,0.862678050994873,0.8059163093566895,0.22802142798900604,8.371567726135254,-6.207041263580322
134,40.0,0.8275861740112305,0.7586206197738647,0.14612233638763428,0.7910962104797363,0.702656090259552,0.18782080709934235,5.029568195343018,-8.617317199707031,0.7608094215393066,0.7810755968093872,0.214541494846344,2.635071277618408,-9.356654167175293,0.7725833654403687,0.6109781265258789,0.18033088743686676,6.26477575302124,-3.9812514781951904
135,40.0,0.8045977354049683,0.5747125148773193,0.16329766809940338,0.8356188535690308,1.268981695175171,0.21500973403453827,6.169297218322754,-6.71511173248291,0.8207193613052368,0.9015953540802002,0.21571117639541626,7.367204666137695,-8.009235382080078,0.785855770111084,1.0078792572021484,0.20947033166885376,5.652952194213867,-8.3604154586792
136,40.0,0.8735631704330444,0.9655172228813171,0.18417228758335114,0.7887989282608032,0.8481298089027405,0.191995307803154,7.950336933135986,-4.788315296173096,0.8538272380828857,1.1117088794708252,0.2828739285469055,6.655264377593994,-4.909961223602295,0.79244065284729,0.7198495864868164,0.22526216506958008,4.470034122467041,-7.084719657897949
137,40.0,1.034482717514038,0.7126436233520508,0.1738670915365219,0.8994324207305908,0.7499827742576599,0.22332869470119476,7.348762512207031,0.3731057643890381,0.8839225769042969,0.9597070217132568,0.24493153393268585,6.804111003875732,-0.5268142223358154,0.9037491083145142,0.669093668460846,0.17680510878562927,5.752494812011719,-4.817556381225586
138,40.0,0.9425287246704102,0.9885057210922241,0.16197648644447327,0.7901612520217896,0.7855288982391357,0.19432081282138824,9.472582817077637,-0.14236466586589813,0.81831955909729,0.5078801512718201,0.20049035549163818,9.157937049865723,-2.914100170135498,0.9816821813583374,0.981013298034668,0.22397617995738983,9.58065414428711,-2.0277206897735596
139,40.0,0.8965517282485962,1.0574712753295898,0.1968555599451065,0.9424668550491333,0.6377293467521667,0.2045370489358902,8.038229942321777,-1.2479184865951538,0.8475795984268188,0.698609471321106,0.20452606678009033,7.171514511108398,-5.216858863830566,0.7893048524856567,0.8147685527801514,0.21531951427459717,6.929779529571533,-7.598711013793945
140,50.0,1.080459713935852,1.563218593597412,0.30175715684890747,0.9334790706634521,1.1152207851409912,0.23680338263511658,8.152961730957031,1.2502944469451904,0.8341144323348999,1.2790234088897705,0.2072123885154724,7.349322319030762,-2.3980987071990967,0.8583265542984009,0.9990606307983398,0.24330414831638336,8.474681854248047,-1.7493188381195068
141,50.0,0.8505747318267822,1.4482758045196533,0.24388954043388367,0.8420662879943848,1.2222462892532349,0.25056198239326477,6.97808837890625,-6.607156753540039,0.9143568277359009,1.0273940563201904,0.3090716004371643,9.47958755493164,-5.214662075042725,0.8844401836395264,0.8010097146034241,0.24228081107139587,5.53489351272583,-8.178882598876953
142,50.0,0.8275861740112305,0.8045976758003235,0.18496498465538025,0.9869805574417114,1.003828525543213,0.292105108499527,4.895759105682373,-6.898463249206543,0.9803735017776489,1.220122218132019,0.28784632682800293,7.43221378326416,-3.342693567276001,0.9340198040008545,0.7280203104019165,0.2517542243003845,6.755316734313965,-1.5104920864105225
143,50.0,0.9425287246704102,1.2413792610168457,0.25842249393463135,0.8565781116485596,1.0608820915222168,0.2478535920381546,4.7061662673950195,-7.801393508911133,0.9419686794281006,1.2458312511444092,0.23946209251880646,4.901721000671387,-4.181455135345459,0.8817452192306519,1.0378646850585938,0.2587558329105377,3.185438632965088,-7.737918853759766
144,50.0,0.8275861740112305,0.9885058403015137,0.21667326986789703,0.8462576866149902,0.8515856266021729,0.22254978120326996,4.9596734046936035,-6.986018657684326,0.8524487018585205,0.6685693264007568,0.20164754986763,3.6432600021362305,-6.464103698730469,0.857422947883606,0.9635692238807678,0.2658676505088806,7.960799694061279,-7.068694114685059
145,50.0,0.919540286064148,1.0114941596984863,0.22565729916095734,0.9286142587661743,0.8090807199478149,0.24999487400054932,5.0194292068481445,-8.048179626464844,0.934902548789978,1.1259818077087402,0.2736428380012512,3.3135008811950684,-8.559185028076172,1.005690574645996,0.9975200891494751,0.2596357762813568,4.497958660125732,-8.32364559173584
146,50.0,0.8275861740112305,1.0574712753295898,0.23358434438705444,1.0379990339279175,0.9133849143981934,0.2903943657875061,4.719101428985596,-7.56066370010376,0.8525959253311157,0.7065368890762329,0.2115485519170761,6.394112586975098,-7.151772975921631,0.9327874183654785,1.0086866617202759,0.2563893795013428,4.655549049377441,-7.769952774047852
147,50.0,0.8045977354049683,1.2873563766479492,0.20980313420295715,0.9944112300872803,0.9677188992500305,0.26828330755233765,9.484219551086426,-7.96855354309082,0.9710434675216675,1.2904798984527588,0.25360220670700073,4.824301719665527,-7.318323135375977,0.9000407457351685,1.5437054634094238,0.27154654264450073,4.3079023361206055,-8.482868194580078
148,50.0,0.9655172824859619,1.4022986888885498,0.28326067328453064,0.9824175834655762,1.250967264175415,0.2896783947944641,6.805224895477295,-5.494313716888428,0.8483511209487915,1.2015094757080078,0.2444111406803131,3.0303874015808105,-6.732377529144287,0.9239299297332764,0.9112546443939209,0.3133688271045685,2.877202033996582,-7.122954368591309
149,50.0,0.8965517282485962,0.8965517282485962,0.22592149674892426,1.1188212633132935,1.1674296855926514,0.30468836426734924,5.855482578277588,-6.988009929656982,0.9957958459854126,1.1262049674987793,0.29158174991607666,5.782818794250488,-7.690760612487793,0.8406815528869629,1.2472097873687744,0.24289363622665405,5.318069934844971,-8.548562049865723
150,10.0,0.4367816150188446,0.6206896901130676,0.11864183098077774,0.312582790851593,0.49818408489227295,0.1688660830259323,1.6886869668960571,-13.46905517578125,0.35319074988365173,0.4836544692516327,0.15167179703712463,2.1890625953674316,-13.142779350280762,0.35681378841400146,0.5426355004310608,0.1551578938961029,1.7974309921264648,-12.935787200927734
151,10.0,0.3218390643596649,0.436781644821167,0.09565332531929016,0.3498249053955078,0.46968933939933777,0.15251655876636505,2.321530818939209,-13.32656478881836,0.34520402550697327,0.5402296185493469,0.16575691103935242,1.9393069744110107,-13.145648002624512,0.48111292719841003,0.6055126190185547,0.1527845561504364,1.874083161354065,-12.945989608764648
152,10.0,0.2988505959510803,0.41379308700561523,0.1070154532790184,0.35160255432128906,0.37134456634521484,0.10605358332395554,2.307748317718506,-13.265726089477539,0.35085299611091614,0.5237591862678528,0.1965046525001526,1.7349913120269775,-13.229140281677246,0.39612168073654175,0.5155373811721802,0.1537211835384369,2.0296621322631836,-13.539006233215332
153,10.0,0.48275861144065857,0.6436781883239746,0.13291054964065552,0.3697676658630371,0.3598659336566925,0.13330402970314026,2.87716007232666,-11.791627883911133,0.36867251992225647,0.6057555675506592,0.14029757678508759,2.591646432876587,-11.835758209228516,0.33132997155189514,0.3528726100921631,0.09873665124177933,2.093973398208618,-12.77042293548584
154,10.0,0.27586206793785095,0.4137931168079376,0.09750298410654068,0.32443949580192566,0.39422598481178284,0.11825482547283173,1.8281351327896118,-13.527921676635742,0.36507323384284973,0.3506143093109131,0.13017617166042328,1.7546017169952393,-13.58712100982666,0.3787938356399536,0.49325236678123474,0.15602296590805054,1.4329195022583008,-13.286880493164062
155,10.0,0.4597701132297516,0.3448275923728943,0.12868277728557587,0.3455054461956024,0.44139236211776733,0.1518770009279251,2.2663991451263428,-11.499595642089844,0.357856810092926,0.6377637386322021,0.1309777796268463,2.5007290840148926,-12.272375106811523,0.3569655418395996,0.5004607439041138,0.1361534595489502,2.6676127910614014,-11.98664665222168
156,10.0,0.36781609058380127,0.4597701132297516,0.10807240009307861,0.340052992105484,0.5168869495391846,0.17804263532161713,2.494297504425049,-12.833621978759766,0.33688226342201233,0.4208524823188782,0.15582619607448578,2.3452391624450684,-12.725625038146973,0.3692333400249481,0.4570910334587097,0.16417914628982544,1.682973861694336,-12.975954055786133
157,10.0,0.29885056614875793,0.4597700834274292,0.11124323308467865,0.32959362864494324,0.7078064680099487,0.16411110758781433,1.6956961154937744,-13.277569770812988,0.32319092750549316,0.7903467416763306,0.1640135943889618,1.9613425731658936,-13.43288803100586,0.39421841502189636,0.45936939120292664,0.16093848645687103,2.1783108711242676,-13.014532089233398
158,10.0,0.27586206793785095,0.3678160309791565,0.10410885512828827,0.32977065443992615,0.3844638466835022,0.12902522087097168,1.7763936519622803,-13.625895500183105,0.29884275794029236,0.41345739364624023,0.12533606588840485,1.5924865007400513,-13.753487586975098,0.378282755613327,0.590865969657898,0.16108691692352295,1.6342684030532837,-13.708590507507324
159,10.0,0.48275861144065857,0.36781615018844604,0.12683314085006714,0.37089109420776367,0.4462718963623047,0.1424301713705063,2.0657856464385986,-13.169306755065918,0.27151691913604736,0.4905046224594116,0.14031730592250824,2.054777145385742,-12.99804973602295,0.3167409300804138,0.6654764413833618,0.15569737553596497,2.484285593032837,-12.877371788024902
160,20.0,0.7126436233520508,0.8965516686439514,0.1469150334596634,0.5683839321136475,0.589898407459259,0.17784877121448517,3.60512638092041,-9.773589134216309,0.6355414390563965,0.6385971903800964,0.2039300948381424,2.561972141265869,-9.226485252380371,0.5579015016555786,0.47847262024879456,0.13737724721431732,4.467884540557861,-8.839585304260254
161,20.0,0.6206896305084229,0.5977011919021606,0.1651473194360733,0.6184958219528198,0.5351521968841553,0.1586896777153015,2.72701096534729,-9.376468658447266,0.5749495029449463,0.6109498739242554,0.21901880204677582,4.202178001403809,-8.913958549499512,0.7656363248825073,0.49461624026298523,0.16367068886756897,4.659082412719727,-7.930952548980713
162,20.0,0.7126436233520508,0.5287357568740845,0.15404942631721497,0.6511256694793701,0.7515233159065247,0.17675761878490448,3.491922378540039,-8.40077018737793,0.6153767108917236,0.7619050741195679,0.17465130984783173,3.3046376705169678,-8.991758346557617,0.7087525129318237,0.8814409375190735,0.19311584532260895,4.349775791168213,-8.294615745544434
163,20.0,0.5747126340866089,0.436781644821167,0.12207689881324768,0.5440478324890137,0.5603563785552979,0.14287826418876648,3.9106874465942383,-9.57608699798584,0.6974453926086426,0.7093021273612976,0.1967669278383255,3.4345266819000244,-9.483916282653809,0.6695495843887329,0.6722134351730347,0.18557138741016388,2.1781845092773438,-9.586057662963867
164,20.0,0.5977011919021606,0.390804648399353,0.1305324286222458,0.649040699005127,0.6194394826889038,0.1731116622686386,2.5470471382141113,-9.8601713180542,0.5908146500587463,0.8663504123687744,0.21910187602043152,1.6845519542694092,-9.825237274169922,0.5669376850128174,0.5864306688308716,0.1490672379732132,2.457336187362671,-10.191484451293945
165,20.0,0.919540286064148,0.5977012515068054,0.15299247205257416,0.6398419141769409,0.6218421459197998,0.1660035401582718,3.5791561603546143,-8.876660346984863,0.6237541437149048,0.6536896228790283,0.19968107342720032,2.3693337440490723,-8.922224998474121,0.5963160991668701,0.7811540365219116,0.17107678949832916,3.1976542472839355,-8.245375633239746
166,20.0,0.5977011919021606,0.4597700834274292,0.1321178525686264,0.6375404000282288,0.5451967716217041,0.16586393117904663,3.707923173904419,-8.603482246398926,0.5688141584396362,0.3984121084213257,0.16568957269191742,3.2424073219299316,-10.017135620117188,0.56591796875,0.5915012359619141,0.17106468975543976,4.913964748382568,-9.43604564666748
167,20.0,0.6896551847457886,0.4597701132297516,0.1725459098815918,0.7027655839920044,0.6715952157974243,0.22575633227825165,5.370809078216553,-7.9426164627075195,0.5656708478927612,0.5200067758560181,0.18523168563842773,4.704835891723633,-8.892362594604492,0.5851054787635803,0.6388258934020996,0.16765935719013214,5.653475761413574,-9.02114200592041
168,20.0,0.7586207389831543,0.5747125744819641,0.1635618954896927,0.6256139278411865,0.4364689290523529,0.1728198528289795,4.930448532104492,-9.18071174621582,0.7172977924346924,1.1792747974395752,0.25125250220298767,5.219069957733154,-8.20024299621582,0.7545961141586304,0.6663607954978943,0.23710906505584717,3.7664318084716797,-6.960376262664795
169,20.0,0.5517240762710571,0.6896551847457886,0.14163033664226532,0.6843293905258179,0.6202889680862427,0.1777600198984146,3.694437026977539,-9.568595886230469,0.58324134349823,0.6601028442382812,0.17625980079174042,3.40944504737854,-10.107707977294922,0.7104527950286865,0.952021598815918,0.19190974533557892,3.53641414642334,-10.11254596710205
170,30.0,0.7126436233520508,0.6896551847457886,0.13845950365066528,0.7929928302764893,0.7563956379890442,0.20885857939720154,6.893378734588623,-4.0416975021362305,0.7407187223434448,0.6351917386054993,0.21676421165466309,5.910447597503662,-4.802887916564941,0.7026640176773071,1.016963243484497,0.21328726410865784,5.420803546905518,-8.781167984008789
171,30.0,0.8045977354049683,0.5057471990585327,0.15061435103416443,0.7730330228805542,0.7132480144500732,0.1834643930196762,5.011184215545654,-6.000100135803223,0.7251869440078735,0.48993104696273804,0.14957596361637115,2.351651906967163,-8.59607982635498,0.8243943452835083,1.0709327459335327,0.23014891147613525,5.4731268882751465,-3.8238461017608643
172,30.0,0.7586207389831543,0.6436781883239746,0.1474435180425644,0.8081985712051392,1.153375506401062,0.22288230061531067,4.7078351974487305,-6.730859279632568,0.6613515615463257,0.7413526177406311,0.20072519779205322,5.99558687210083,-8.683055877685547,0.8970679044723511,0.5908546447753906,0.20871607959270477,5.259710788726807,-6.432060241699219
173,30.0,0.9885057210922241,0.6206896901130676,0.18390806019306183,0.7669292688369751,0.5369667410850525,0.20903471112251282,6.084341526031494,-8.32624626159668,0.7784767150878906,0.5788379907608032,0.15624591708183289,4.884452819824219,-6.319919586181641,0.834151029586792,0.7838219404220581,0.22866319119930267,6.278512001037598,-8.06590461730957
174,30.0,0.7356321811676025,0.8275861740112305,0.1572202444076538,0.9737216234207153,0.9368902444839478,0.2084711194038391,5.796398639678955,-5.985898017883301,1.0087542533874512,0.9245240092277527,0.277660608291626,6.1329827308654785,-4.78004264831543,0.9635083675384521,0.5979312658309937,0.18027780950069427,6.901284217834473,-4.758509635925293
175,30.0,0.7356321811676025,0.5057470798492432,0.14427268505096436,0.6782020330429077,0.7110879421234131,0.19242054224014282,4.866066932678223,-8.689604759216309,0.691171407699585,0.6333345770835876,0.2453324794769287,5.787392616271973,-7.570312023162842,0.8867634534835815,1.1395431756973267,0.26161593198776245,5.9602179527282715,-6.425772190093994
176,30.0,0.8045977354049683,0.5517240762710571,0.1408376395702362,0.8800791501998901,0.6809873580932617,0.20842617750167847,5.06203031539917,-5.843001842498779,0.7574735879898071,0.6670819520950317,0.19881193339824677,4.56588077545166,-4.948275566101074,0.7182232141494751,0.9540486335754395,0.2537228763103485,5.810164928436279,-3.7818846702575684
177,30.0,1.080459713935852,0.5057471990585327,0.15378516912460327,0.7714035511016846,0.727831244468689,0.21599411964416504,7.358510494232178,-0.09973707050085068,0.8234145641326904,0.5779019594192505,0.1728838086128235,7.186157703399658,-0.41397809982299805,0.7425553798675537,0.7355829477310181,0.19262506067752838,5.499246597290039,-6.132272720336914
178,30.0,0.8735631704330444,0.8965517282485962,0.15008588135242462,0.8073258399963379,0.7150803804397583,0.19649939239025116,4.712902545928955,-6.92838191986084,0.8461736440658569,0.7463632822036743,0.24395160377025604,5.87434720993042,-7.215048313140869,0.7384448051452637,1.0042059421539307,0.19920121133327484,4.742120742797852,-7.995546817779541
179,30.0,0.8505747318267822,0.5287356972694397,0.13819526135921478,0.7135891914367676,0.8175440430641174,0.1862243115901947,5.764349460601807,-5.188978672027588,0.8377703428268433,0.491440087556839,0.1782834380865097,7.123009204864502,-1.8871175050735474,0.852187991142273,0.7359712719917297,0.22756852209568024,7.566771030426025,-2.5648372173309326
180,40.0,0.8045977354049683,1.126436710357666,0.17862333357334137,0.8987175226211548,1.1237226724624634,0.27773821353912354,8.28515338897705,-3.8161237239837646,0.8045159578323364,0.5461711883544922,0.1979924589395523,8.001396179199219,-6.333390235900879,0.8799471855163574,0.6585066318511963,0.18617025017738342,8.066808700561523,-1.3056918382644653
181,40.0,0.919540286064148,0.7126436829566956,0.18258686363697052,0.8361233472824097,0.7917121648788452,0.19973549246788025,8.659334182739258,-5.346508502960205,0.9837639331817627,1.0604257583618164,0.23290954530239105,7.27873420715332,-4.535562038421631,0.7466025352478027,0.9155722856521606,0.2247742861509323,7.500878810882568,-4.89836311340332
182,40.0,0.8045977354049683,1.0574712753295898,0.16250494122505188,0.9004321098327637,0.8457252979278564,0.23321500420570374,5.431232929229736,-5.434914588928223,0.8955339193344116,0.9987889528274536,0.2397727072238922,8.370109558105469,-4.0143232345581055,0.779800295829773,0.8242179155349731,0.20040693879127502,4.837404251098633,-8.039959907531738
183,40.0,0.8045977354049683,0.5287356376647949,0.14215880632400513,0.8475644588470459,1.2251230478286743,0.23774443566799164,4.111957550048828,-7.932162761688232,0.8378578424453735,0.7982590198516846,0.22608719766139984,3.368454933166504,-8.112937927246094,0.8291709423065186,0.8499463796615601,0.22329936921596527,2.9452526569366455,-7.855101108551025
184,40.0,0.8275861740112305,0.7586206197738647,0.14612233638763428,0.9154883623123169,0.786554217338562,0.22487854957580566,4.814114570617676,-8.185590744018555,0.7938302755355835,0.6522889733314514,0.18124337494373322,4.058764934539795,-8.873258590698242,0.8462544679641724,0.708030104637146,0.21975190937519073,7.364027976989746,-6.297982692718506
185,40.0,0.8045977354049683,0.5747125148773193,0.16329766809940338,0.8168846368789673,0.6663385629653931,0.1648567169904709,4.985226154327393,-7.224460601806641,0.9233790636062622,1.0515706539154053,0.23602014780044556,4.376710414886475,-7.889283657073975,0.8042982816696167,0.795714795589447,0.21764856576919556,5.3312859535217285,-8.009479522705078
186,40.0,0.8735631704330444,0.9655172228813171,0.18417228758335114,0.7841470241546631,0.8625695109367371,0.1869649738073349,8.25822925567627,-3.814046621322632,0.8410488367080688,0.7003822326660156,0.21202731132507324,6.534525394439697,-7.197756767272949,0.8222851753234863,0.7059760689735413,0.21302519738674164,8.7613525390625,-0.7254766225814819
187,40.0,1.034482717514038,0.7126436233520508,0.1738670915365219,0.8506864309310913,1.022620677947998,0.22216251492500305,7.114001274108887,-5.413492202758789,0.8490267992019653,0.9960557222366333,0.20415422320365906,5.450345516204834,-1.1683393716812134,0.9028811454772949,0.7432049512863159,0.19972321391105652,7.124436378479004,-1.6220468282699585
188,40.0,0.9425287246704102,0.9885057210922241,0.16197648644447327,0.8404291868209839,0.7521344423294067,0.20828405022621155,6.985053539276123,-4.464687824249268,0.8132667541503906,0.6214660406112671,0.19104880094528198,7.300675868988037,-2.013584613800049,0.8271234035491943,0.8113017082214355,0.164284810423851,8.47033977508545,-0.17782026529312134
189,40.0,0.8965517282485962,1.0574712753295898,0.1968555599451065,0.8441284894943237,0.7075392007827759,0.23537865281105042,7.637411594390869,-0.9407994747161865,0.8053065538406372,0.7304309606552124,0.24104401469230652,7.55213737487793,-3.4103310108184814,0.8021186590194702,0.64173424243927,0.20287121832370758,7.208694934844971,-3.5627331733703613
190,50.0,1.080459713935852,1.563218593597412,0.30175715684890747,0.8204398155212402,0.8163481950759888,0.20388899743556976,7.372262001037598,0.15612094104290009,0.8114534616470337,0.9238171577453613,0.23674191534519196,7.514211177825928,-0.2708680331707001,0.905434250831604,0.8526296019554138,0.2379315197467804,8.065666198730469,3.759078025817871
191,50.0,0.8505747318267822,1.4482758045196533,0.24388954043388367,0.9541088342666626,1.0999826192855835,0.2672140300273895,6.908056735992432,-7.08581018447876,0.9705240726470947,1.5200375318527222,0.27742287516593933,4.459507942199707,-7.121127128601074,0.900164008140564,1.593946099281311,0.303642600774765,9.112017631530762,-7.520632266998291
192,50.0,0.8275861740112305,0.8045976758003235,0.18496498465538025,0.8494211435317993,1.086003065109253,0.23516906797885895,4.5054850578308105,-8.188425064086914,0.8966330289840698,0.960625410079956,0.22756724059581757,4.714346408843994,-2.306824207305908,0.8513627052307129,1.0133471488952637,0.23243673145771027,7.631218433380127,-0.08941847831010818
193,50.0,0.9425287246704102,1.2413792610168457,0.25842249393463135,0.9069470167160034,1.1650457382202148,0.32549136877059937,8.976824760437012,0.03801513463258743,0.9345904588699341,0.9432480335235596,0.27177464962005615,5.899277210235596,-6.068253993988037,0.8743629455566406,0.9738069772720337,0.25493431091308594,3.2943882942199707,-7.8679118156433105
194,50.0,0.8275861740112305,0.9885058403015137,0.21667326986789703,0.8897348642349243,0.9651807546615601,0.2526814341545105,6.243862152099609,-7.691491603851318,0.9117462635040283,1.1114509105682373,0.30934396386146545,8.27003002166748,-4.306915760040283,0.8655198812484741,1.1688984632492065,0.27745556831359863,7.547368049621582,-7.76181697845459
195,50.0,0.919540286064148,1.0114941596984863,0.22565729916095734,1.0813572406768799,1.176717758178711,0.28137630224227905,3.4731435775756836,-8.179125785827637,0.9246878623962402,0.9048896431922913,0.28356415033340454,3.6217164993286133,-7.847874164581299,0.9437961578369141,0.8115714192390442,0.24939262866973877,6.49126672744751,-7.50418758392334
196,50.0,0.8275861740112305,1.0574712753295898,0.23358434438705444,0.893263578414917,0.9067476987838745,0.2114621102809906,3.8360517024993896,-7.913290977478027,0.9927369356155396,1.5864375829696655,0.2147475928068161,4.3108415603637695,-5.506560802459717,0.9175903797149658,0.909323513507843,0.2712216079235077,5.318386554718018,-7.969127655029297
197,50.0,0.8045977354049683,1.2873563766479492,0.20980313420295715,1.0866825580596924,1.4225540161132812,0.2908012866973877,5.539983749389648,-7.72532320022583,0.8345514535903931,0.9865491390228271,0.2341957539319992,6.279449462890625,-5.523317813873291,0.9583069086074829,1.3867021799087524,0.266708105802536,5.2360944747924805,-6.635775089263916
198,50.0,0.9655172824859619,1.4022986888885498,0.28326067328453064,0.9402843713760376,1.2162989377975464,0.23905977606773376,5.396188735961914,-4.223531246185303,0.886811375617981,1.0572035312652588,0.29393598437309265,7.916886329650879,-3.4789204597473145,0.8957482576370239,1.0578253269195557,0.2758116126060486,8.111479759216309,-5.594063758850098
199,50.0,0.8965517282485962,0.8965517282485962,0.22592149674892426,0.9885326623916626,0.9709763526916504,0.24805568158626556,4.4420061111450195,-7.821974754333496,0.8487226963043213,1.0130805969238281,0.266675740480423,6.982558727264404,-4.535645008087158,0.89693284034729,0.9680518507957458,0.21339039504528046,6.5180792808532715,-7.236485004425049
200,10.0,0.4367816150188446,0.6206896901130676,0.11864183098077774,0.3256530463695526,0.647329568862915,0.17717909812927246,2.0960426330566406,-13.28890609741211,0.4145399034023285,0.5918471813201904,0.16482391953468323,1.4947601556777954,-13.483077049255371,0.35271531343460083,0.5045775175094604,0.14214356243610382,2.4151530265808105,-13.173951148986816
201,10.0,0.3218390643596649,0.436781644821167,0.09565332531929016,0.37178564071655273,0.4599255919456482,0.1384550929069519,1.2421858310699463,-13.611603736877441,0.3563791811466217,0.5298978090286255,0.15223608911037445,1.5095741748809814,-13.549580574035645,0.3380536139011383,0.5093583464622498,0.1498899608850479,1.260306477546692,-13.649923324584961
202,10.0,0.2988505959510803,0.41379308700561523,0.1070154532790184,0.299207866191864,0.5210494995117188,0.14763560891151428,1.5942013263702393,-13.620020866394043,0.42604443430900574,0.5320298671722412,0.15251116454601288,2.228747844696045,-13.02482795715332,0.36179429292678833,0.564633846282959,0.1388106793165207,1.4987307786941528,-13.052081108093262
203,10.0,0.48275861144065857,0.6436781883239746,0.13291054964065552,0.26200369000434875,0.4520428776741028,0.15333214402198792,1.8386354446411133,-12.500595092773438,0.3410215377807617,0.42939072847366333,0.13241009414196014,2.0964691638946533,-12.413317680358887,0.36511361598968506,0.870414137840271,0.1857350468635559,2.402216911315918,-11.915307998657227
204,10.0,0.27586206793785095,0.4137931168079376,0.09750298410654068,0.44960272312164307,0.49340933561325073,0.1552654504776001,1.2968298196792603,-13.6815824508667,0.39856645464897156,0.4640829861164093,0.13559193909168243,1.7462513446807861,-13.368712425231934,0.32832592725753784,0.5426907539367676,0.12673504650592804,1.5545247793197632,-13.69421100616455
205,10.0,0.4597701132297516,0.3448275923728943,0.12868277728557587,0.34843185544013977,0.31860360503196716,0.12001016736030579,2.390183448791504,-11.664754867553711,0.3166702687740326,0.45163771510124207,0.1263049840927124,2.245638370513916,-12.027329444885254,0.41803044080734253,0.3546099066734314,0.13035519421100616,2.3439781665802,-12.158149719238281
206,10.0,0.36781609058380127,0.4597701132297516,0.10807240009307861,0.4145488440990448,0.442194402217865,0.16212120652198792,2.7026095390319824,-12.272016525268555,0.3504619896411896,0.4231186509132385,0.15637102723121643,1.4276361465454102,-13.08299446105957,0.3650667369365692,0.52152019739151,0.12551836669445038,2.0783565044403076,-12.935302734375
207,10.0,0.29885056614875793,0.4597700834274292,0.11124323308467865,0.313091516494751,0.289014607667923,0.12227898091077805,1.4590559005737305,-13.852395057678223,0.281815767288208,0.3780273497104645,0.11883245408535004,1.5782115459442139,-13.808236122131348,0.3836405575275421,0.6503297090530396,0.159412682056427,2.0465853214263916,-12.945881843566895
208,10.0,0.27586206793785095,0.3678160309791565,0.10410885512828827,0.37040141224861145,0.41326746344566345,0.13253143429756165,1.7256323099136353,-13.589520454406738,0.2752190828323364,0.5020838975906372,0.12422077357769012,1.843146562576294,-13.934823036193848,0.28948134183883667,0.39702993631362915,0.14661607146263123,1.8070456981658936,-13.875162124633789
209,10.0,0.48275861144065857,0.36781615018844604,0.12683314085006714,0.34861060976982117,0.41992610692977905,0.13122224807739258,2.1233794689178467,-12.603414535522461,0.27988380193710327,0.39193353056907654,0.14999623596668243,2.1029598712921143,-13.03329086303711,0.2987153232097626,0.674606442451477,0.14558865129947662,1.8095084428787231,-13.307794570922852
210,20.0,0.7126436233520508,0.8965516686439514,0.1469150334596634,0.6068647503852844,0.6059551239013672,0.23204423487186432,3.2048163414001465,-9.398139953613281,0.581527829170227,0.7246840000152588,0.23360168933868408,5.02225399017334,-8.415644645690918,0.590041995048523,0.5914652347564697,0.1735968142747879,2.014322280883789,-9.659974098205566
211,20.0,0.6206896305084229,0.5977011919021606,0.1651473194360733,0.5516794919967651,0.6100387573242188,0.18095120787620544,2.7999794483184814,-9.703140258789062,0.5503911972045898,0.6511733531951904,0.17973901331424713,3.5606801509857178,-9.225754737854004,0.6414834856987,0.6903979778289795,0.2003340870141983,4.296023845672607,-8.091057777404785
212,20.0,0.7126436233520508,0.5287357568740845,0.15404942631721497,0.5659564733505249,0.5197698473930359,0.19095049798488617,3.095876693725586,-8.111274719238281,0.6257205009460449,0.8039816617965698,0.22476604580879211,5.186184406280518,-7.603488445281982,0.725267767906189,0.6967978477478027,0.1812892109155655,4.789846420288086,-7.718334674835205
213,20.0,0.5747126340866089,0.436781644821167,0.12207689881324768,0.6510180234909058,0.6410670280456543,0.23796439170837402,5.215982913970947,-9.4650239944458,0.556493878364563,0.6047205924987793,0.16600528359413147,4.640533447265625,-10.285386085510254,0.653616189956665,0.6370720267295837,0.17815011739730835,2.4362266063690186,-9.922745704650879
214,20.0,0.5977011919021606,0.390804648399353,0.1305324286222458,0.6579023599624634,0.5804399251937866,0.1702800840139389,4.603333950042725,-8.942258834838867,0.5374876260757446,0.6044411659240723,0.19929289817810059,1.1106375455856323,-10.416749000549316,0.5551565289497375,0.5170442461967468,0.14255589246749878,4.75565242767334,-9.765678405761719
215,20.0,0.919540286064148,0.5977012515068054,0.15299247205257416,0.6934760808944702,0.49581918120384216,0.16648024320602417,2.5108368396759033,-9.111610412597656,0.5787519216537476,0.5341961979866028,0.1843969225883484,3.0466725826263428,-8.096367835998535,0.6717106103897095,0.6906275749206543,0.2020380049943924,4.300515174865723,-5.921144962310791
216,20.0,0.5977011919021606,0.4597700834274292,0.1321178525686264,0.6152457594871521,0.6212727427482605,0.17911966145038605,3.889314651489258,-8.937332153320312,0.6131959557533264,0.5766369700431824,0.20998349785804749,4.0318498611450195,-8.725208282470703,0.6581459045410156,0.6794774532318115,0.19805772602558136,4.164107799530029,-10.205275535583496
217,20.0,0.6896551847457886,0.4597701132297516,0.1725459098815918,0.5869734287261963,0.7928301095962524,0.20454835891723633,4.936732292175293,-7.626832485198975,0.5861464738845825,0.5436315536499023,0.17412632703781128,3.5975916385650635,-9.175411224365234,0.5656031370162964,0.5672435760498047,0.1855536252260208,4.78560733795166,-8.510761260986328
218,20.0,0.7586207389831543,0.5747125744819641,0.1635618954896927,0.6679128408432007,0.876366376876831,0.20274673402309418,2.5064570903778076,-8.93354320526123,0.682909369468689,0.518868088722229,0.17533360421657562,3.9873769283294678,-8.93305492401123,0.6779762506484985,0.7119542360305786,0.18946592509746552,3.3812625408172607,-9.026009559631348
219,20.0,0.5517240762710571,0.6896551847457886,0.14163033664226532,0.6928267478942871,0.5237696170806885,0.18917372822761536,4.1656670570373535,-9.287503242492676,0.6538127660751343,0.5689618587493896,0.16380688548088074,3.8234493732452393,-8.228147506713867,0.6421055793762207,0.6448270082473755,0.16021327674388885,3.2254931926727295,-9.720732688903809
220,30.0,0.7126436233520508,0.6896551847457886,0.13845950365066528,0.859709620475769,0.9502015113830566,0.19137108325958252,4.94932222366333,-8.341575622558594,0.7625112533569336,0.5531047582626343,0.17610369622707367,6.815281867980957,-4.566804885864258,0.9307483434677124,1.009800910949707,0.20480091869831085,5.693290710449219,-3.9061279296875
221,30.0,0.8045977354049683,0.5057471990585327,0.15061435103416443,0.6002317667007446,0.7290546894073486,0.19954028725624084,4.151176929473877,-8.604047775268555,0.790489673614502,0.6213358044624329,0.17541609704494476,6.235306262969971,-4.802807331085205,0.7153816223144531,0.6005456447601318,0.18831337988376617,5.3277082443237305,-5.312923431396484
222,30.0,0.7586207389831543,0.6436781883239746,0.1474435180425644,0.7794071435928345,0.659558117389679,0.23323483765125275,5.072888374328613,-7.112250328063965,0.7187830209732056,0.6224884390830994,0.179564967751503,5.972812652587891,-6.051379203796387,0.7634381055831909,0.5674455165863037,0.18664802610874176,7.114312648773193,-6.544830322265625
223,30.0,0.9885057210922241,0.6206896901130676,0.18390806019306183,0.7550951242446899,0.6285215020179749,0.18790943920612335,7.07432746887207,-6.382468223571777,0.7119753360748291,0.7999860048294067,0.1740979105234146,6.114424228668213,-7.076333045959473,0.8039792776107788,0.9095038175582886,0.21567875146865845,5.426682472229004,-6.128528118133545
224,30.0,0.7356321811676025,0.8275861740112305,0.1572202444076538,0.7570433616638184,1.135688066482544,0.21973034739494324,5.9924211502075195,-7.082371234893799,0.7426021099090576,0.5466458201408386,0.18834030628204346,5.4016194343566895,-7.924654006958008,0.723751425743103,0.9065093994140625,0.22112391889095306,5.616477966308594,-6.389904499053955
225,30.0,0.7356321811676025,0.5057470798492432,0.14427268505096436,0.7522343397140503,0.9587134122848511,0.2223634421825409,5.915736198425293,-8.220610618591309,0.7260618209838867,0.5846120715141296,0.17165620625019073,4.2614617347717285,-9.153909683227539,0.7835788726806641,0.7495110034942627,0.25330495834350586,4.852529525756836,-3.291073799133301
226,30.0,0.8045977354049683,0.5517240762710571,0.1408376395702362,0.7679634094238281,0.8779632449150085,0.2145174890756607,6.761529922485352,-6.05239200592041,0.7855756282806396,0.8125213384628296,0.18389619886875153,6.041833400726318,-7.6012492179870605,0.7578779458999634,0.7904986143112183,0.20526030659675598,6.113314151763916,-7.100525856018066
227,30.0,1.080459713935852,0.5057471990585327,0.15378516912460327,0.7218031883239746,0.8734816312789917,0.23098815977573395,6.8159356117248535,-4.030995845794678,0.8086941242218018,0.6413971185684204,0.20091935992240906,5.620702266693115,-5.422314167022705,0.7780743837356567,0.6499281525611877,0.19330346584320068,6.624035358428955,-4.519686698913574
228,30.0,0.8735631704330444,0.8965517282485962,0.15008588135242462,0.9562991857528687,0.8174220323562622,0.21993204951286316,5.957383632659912,-5.832587718963623,0.8278977870941162,0.7353314757347107,0.18691173195838928,4.688284397125244,-8.420632362365723,0.8351782560348511,0.7167136669158936,0.18369315564632416,3.610616683959961,-9.118886947631836
229,30.0,0.8505747318267822,0.5287356972694397,0.13819526135921478,0.7345104217529297,0.6915683746337891,0.20006495714187622,5.899345874786377,-7.3250837326049805,0.7057188749313354,0.5930478572845459,0.22318720817565918,3.926236152648926,-6.438515663146973,0.942490816116333,0.7733654975891113,0.2044072449207306,4.76914119720459,-6.663956642150879
230,40.0,0.8045977354049683,1.126436710357666,0.17862333357334137,0.79142165184021,1.0298218727111816,0.24214261770248413,7.624978065490723,-5.263647079467773,1.0177074670791626,0.6215957403182983,0.20375585556030273,6.044743061065674,-8.134500503540039,0.8112778663635254,0.862051784992218,0.21246767044067383,6.401861190795898,-4.919078350067139
231,40.0,0.919540286064148,0.7126436829566956,0.18258686363697052,0.778831958770752,0.5750797986984253,0.14444151520729065,7.554405212402344,-5.108328342437744,0.807752251625061,0.6292386054992676,0.16959887742996216,6.753603935241699,-3.782993793487549,0.7999087572097778,0.7559713125228882,0.1832980215549469,7.0197224617004395,-4.026322364807129
232,40.0,0.8045977354049683,1.0574712753295898,0.16250494122505188,0.8733997344970703,0.7338359951972961,0.2335955798625946,4.046768665313721,-7.782116413116455,0.888786792755127,0.8080439567565918,0.22987444698810577,6.400736331939697,-8.384711265563965,0.8699194192886353,1.020717978477478,0.20233182609081268,4.1375813484191895,-7.954527854919434
233,40.0,0.8045977354049683,0.5287356376647949,0.14215880632400513,0.8473995923995972,1.0187690258026123,0.20375560224056244,3.4952638149261475,-8.394949913024902,0.8576233386993408,0.8474419713020325,0.20743760466575623,5.970901012420654,-6.733531475067139,0.8089796304702759,0.8536076545715332,0.23062002658843994,5.309959411621094,-7.825926303863525
234,40.0,0.8275861740112305,0.7586206197738647,0.14612233638763428,0.7947409152984619,1.1060092449188232,0.19468359649181366,6.457589149475098,-5.672236442565918,0.9147604703903198,0.9331887364387512,0.23246559500694275,6.065489768981934,-4.175975799560547,0.7753286361694336,0.6814743876457214,0.22218923270702362,6.934484004974365,-6.284770488739014
235,40.0,0.8045977354049683,0.5747125148773193,0.16329766809940338,0.8582996129989624,0.7520667910575867,0.21030351519584656,7.357510566711426,-7.714443683624268,0.8315976858139038,1.2810053825378418,0.2241791933774948,3.325852394104004,-7.697979927062988,0.8211283683776855,1.0262067317962646,0.24711096286773682,6.178509712219238,-7.771979808807373
236,40.0,0.8735631704330444,0.9655172228813171,0.18417228758335114,0.8591365814208984,0.7003316879272461,0.2706078290939331,4.751025676727295,-7.258203029632568,0.8123314380645752,0.8708038330078125,0.23997440934181213,6.871520042419434,-3.772904396057129,0.8758485317230225,1.0978976488113403,0.26964643597602844,6.565848350524902,-8.094318389892578
237,40.0,1.034482717514038,0.7126436233520508,0.1738670915365219,1.0170485973358154,0.8220347166061401,0.2597103714942932,7.480219841003418,-7.844963073730469,0.8426210880279541,1.0063755512237549,0.28184306621551514,6.502758502960205,-5.040714263916016,0.9811005592346191,0.9996699690818787,0.2573483884334564,7.888264179229736,-4.612434387207031
238,40.0,0.9425287246704102,0.9885057210922241,0.16197648644447327,0.8808616399765015,1.1085917949676514,0.26153409481048584,9.176255226135254,-6.283355236053467,0.8369765281677246,1.289023518562317,0.2563334107398987,8.578412055969238,-1.4035512208938599,0.8449262380599976,1.5873481035232544,0.2302989363670349,7.214789390563965,-1.7950936555862427
239,40.0,0.8965517282485962,1.0574712753295898,0.1968555599451065,0.8597246408462524,0.6919702887535095,0.2120564728975296,7.885324001312256,-3.1325936317443848,0.8090970516204834,0.6049004793167114,0.18428149819374084,6.962343215942383,-2.2039308547973633,0.8761900663375854,0.926490068435669,0.2752666771411896,6.631091594696045,-3.901562213897705
240,50.0,1.080459713935852,1.563218593597412,0.30175715684890747,0.9409226179122925,1.0223019123077393,0.23431004583835602,8.954025268554688,0.02996077761054039,0.8983397483825684,0.7691713571548462,0.23738358914852142,9.568187713623047,0.8169955015182495,0.9292522668838501,1.1683309078216553,0.28735214471817017,11.363378524780273,-2.8117616176605225
241,50.0,0.8505747318267822,1.4482758045196533,0.24388954043388367,0.9102084636688232,1.0755479335784912,0.23883970081806183,4.910386562347412,-3.9836905002593994,0.93030846118927,1.0985510349273682,0.2491825968027115,7.6553544998168945,-6.32589054107666,0.8739515542984009,1.483717441558838,0.270962119102478,8.202993392944336,-7.121206283569336
242,50.0,0.8275861740112305,0.8045976758003235,0.18496498465538025,0.9410589933395386,1.0739309787750244,0.24477039277553558,8.203685760498047,5.050974369049072,0.864681601524353,0.8248884677886963,0.2306814044713974,4.932549953460693,-8.252256393432617,0.9168047904968262,1.2556921243667603,0.23185013234615326,7.424667835235596,2.805218458175659
243,50.0,0.9425287246704102,1.2413792610168457,0.25842249393463135,0.8680819272994995,1.0607755184173584,0.2981320917606354,3.0205800533294678,-7.7059221267700195,0.9074339866638184,0.8868814706802368,0.27163663506507874,2.622258424758911,-7.477893829345703,0.8945310115814209,0.9929853081703186,0.2601700723171234,4.273059844970703,-7.898637771606445
244,50.0,0.8275861740112305,0.9885058403015137,0.21667326986789703,0.9032803773880005,1.0402945280075073,0.26725172996520996,8.127975463867188,-7.001678943634033,0.9382039308547974,1.2496916055679321,0.2871319055557251,6.562995433807373,-6.877634048461914,0.9220665693283081,1.2619311809539795,0.24153579771518707,7.013034820556641,-7.120245456695557
245,50.0,0.919540286064148,1.0114941596984863,0.22565729916095734,0.9687469005584717,0.9869898557662964,0.28292006254196167,7.2961201667785645,-8.128149032592773,1.02767014503479,1.0633189678192139,0.24944841861724854,5.292407989501953,-7.937197208404541,0.8771445751190186,1.0432782173156738,0.26460200548171997,7.8007402420043945,-1.194962978363037
246,50.0,0.8275861740112305,1.0574712753295898,0.23358434438705444,0.8468345403671265,0.8065406680107117,0.2347797453403473,8.534158706665039,1.5744251012802124,0.8975968360900879,1.5078481435775757,0.24008025228977203,5.00778865814209,-7.243880271911621,0.8572520017623901,0.6971854567527771,0.2111590951681137,4.725549697875977,-7.353560447692871
247,50.0,0.8045977354049683,1.2873563766479492,0.20980313420295715,0.9779027700424194,1.0606346130371094,0.20127733051776886,3.8014087677001953,-8.339668273925781,0.8617731332778931,0.9136518836021423,0.24589082598686218,3.663177728652954,-8.538797378540039,0.8486149311065674,0.8798945546150208,0.24643252789974213,5.484620094299316,-4.8243231773376465
248,50.0,0.9655172824859619,1.4022986888885498,0.28326067328453064,1.0044037103652954,0.8965779542922974,0.23000340163707733,3.1880767345428467,-6.5993194580078125,0.9303677082061768,0.9189493060112,0.2400577962398529,4.805436611175537,-6.910614490509033,0.8495471477508545,1.235519528388977,0.23021246492862701,6.103949546813965,-5.2660746574401855
249,50.0,0.8965517282485962,0.8965517282485962,0.22592149674892426,0.8588740825653076,1.264284372329712,0.24437007308006287,3.8363823890686035,-8.152843475341797,0.8486765623092651,1.687035322189331,0.28564929962158203,3.165534734725952,-8.506441116333008,0.9425896406173706,1.5115821361541748,0.30004605650901794,4.420622825622559,-7.659027576446533
